claim_id,claim,formal_basis,implementation_or_test,result_surface,maturity,fresh_check
C1,A valid total one-to-one positive-event map preserves actor-class additive scores and the endpoint-local active may-link decision partition even when event identifiers are local and renamed across histories,Theorem 1 in proofs/guarantees.md,"certificate checking plus explicit-event-map, may-link-regime, and certified-rewrite tests",results/public_summary.csv and results/experiment_summary.json,proved_and_tested,PASS_WITHIN_STATED_SCOPE
C2,A deterministic target is recoverable from an observation exactly when it is constant on every observation fiber,Theorem 2 in proofs/guarantees.md,constructive observation-collision tests and origin-erasure path,proofs/guarantees.md and paper Section 3,proved,PASS_WITHIN_STATED_SCOPE
C3,"After provenance-erasing cross-origin squash no deterministic history-only method can recover every compatible attribution, so Rivet abstains",Corollary 2a in proofs/guarantees.md,cross-origin transformation and abstention tests,40 generated origin erasures over normalized windows in results/experiment_summary.json,proved_and_tested,PASS_WITHIN_STATED_SCOPE
C4,"Must-link aliases collapse while active may-link components produce sound score intervals, selective pairwise orders, and no point ranking",Lemma 3 and Corollary 4,"alias interval, partial-abstention, and resolved-tie tests",results/alias_sensitivity.csv and results/public_transform_results.csv,proved_and_tested,PASS_WITHIN_STATED_SCOPE
C5,For resolved identities the exact actor-score influence under a budget of origin relabelings equals the relevant top-weight sums,Theorem 5,integer-unit influence implementation and exhaustive small-instance reassignment tests,results/influence_bounds.csv,proved_and_tested,PASS_WITHIN_STATED_SCOPE
C6,For a unique winner the strict-winner flip radius is the shortest challenger-specific gain prefix that exceeds the score gap,Theorem 6,"exact winner-radius implementation, witness checks, and brute-force tests",results/winner_flip_radius.csv,proved_and_tested,PASS_WITHIN_STATED_SCOPE
C7,The local routine enumerates all partitions of one selected component through size seven and returns exact ranks while holding all outside roots fixed,Finite set-partition enumeration,"partition-count, exact-unit ordering, and cap-refusal tests",480 trials in results/alias_sensitivity.csv,exhaustive_within_bound,PASS_WITHIN_STATED_SCOPE
C8,The independent replayer accepts the canonical ledger and detects all seven injected ledger fault families,Independent implementation separation,public-ledger replay and replay-fault tests,results/replay_validation.csv,empirical,PASS_WITHIN_STATED_SCOPE
C9,"All generated tiny histories through four structural events satisfy certified invariance and origin-erasure abstention, and every eligible strict-winner radius agrees with brute force",Finite exhaustive enumeration,exhaustive tiny-history experiment,"3510 histories, 27570 obligations, and 2514 winner-radius oracle cases in experiment_summary.json",exhaustive_within_bound,PASS_WITHIN_STATED_SCOPE
C10,The public layer contains forty fixed eight-commit normalized windows attributed to one public repository; historical source derivation is unverified,Deterministic oldest-first prefix and fixed candidate-grid selection,extractor and included normalized data,"40 histories, 320 commits, and 610 events in experiment_summary.json",normalized_counts_checked_source_derivation_not_claimed,PASS_WITH_DECLARED_PROVENANCE_LIMIT
C11,"The bundled weight is a technical edit functional rather than a measure of effort, merit, fairness, or compensation",Declared hard boundary,README and paper limitations,method definition and non-claim surfaces,scope_constraint,PASS_WITHIN_STATED_SCOPE
C12,Actor-local vector sums are necessary and sufficient statistics for every deterministic presentation that consumes only those sums,Proposition 1a in proofs/guarantees.md,checked vector-support and mapped-coordinate regressions; scalar ledger replay is not a vector validator,proofs/guarantees.md and paper Section 3,proved,PASS_WITHIN_STATED_SCOPE
C13,"Compatible rewrite certificates compose through their event bijections when must-link, entity-equivalence, and active may-link partitions are compatible",Proposition 1b in proofs/guarantees.md,certificate-composition test,proofs/guarantees.md and paper Section 3,proved_and_tested,PASS_WITHIN_STATED_SCOPE
C14,Malformed histories cannot receive scores or certify themselves,Local-validity premise of Definition 1,"malformed container, numeric, kind, identifier, graph, and relation tests",141-test suite and proofs/guarantees.md,tested,PASS_WITHIN_STATED_SCOPE
C15,Canonical actor totals are independent of event and ledger row order on the twelve-place integer-unit surface,Finite integer addition,engine and independent-replayer accumulation-order tests,data/canonical_expected.json and 141-test suite,tested,PASS_WITHIN_STATED_SCOPE
C16,"Partial alias abstention emits no single person-level point ranking, point-comparison metric, or point influence result",Alias decision semantics,partial-abstention and unresolved-influence tests,results/public_transform_results.csv and results/public_summary.csv,proved_and_tested,PASS_WITHIN_STATED_SCOPE
C17,Exact witness and alias-resolution routines refuse inputs outside their declared bounds rather than returning incomplete results,Finite enumeration preconditions,witness-cap and alias-component-cap tests,141-test suite,tested,PASS_WITHIN_STATED_SCOPE
C18,Must-link class totals are aggregated from canonical event units without intermediate alias-level rounding,Finite addition on the frozen quantum,"alias-collapse rounding, exact-unit, and large-aggregate tests",data/canonical_expected.json and 141-test suite,tested,PASS_WITHIN_STATED_SCOPE
C19,An exact score tie with resolved identities is a certified tie rather than alias uncertainty,Competition-rank and decision semantics,resolved-score-tie test,141-test suite,tested,PASS_WITHIN_STATED_SCOPE
C20,Point influence and strict-winner radius are refused whenever active may-links leave actor identity unresolved,Theorems 5 and 6 preconditions,unresolved-identity influence and winner-radius tests,141-test suite,proved_and_tested,PASS_WITHIN_STATED_SCOPE
C21,Canonical replay expectations preserve twelve-place values as fixed-width decimal strings rather than binary floating-point values,Independent replay representation contract,exact-decimal-string test,data/canonical_expected.json and 141-test suite,tested,PASS_WITHIN_STATED_SCOPE
C22,Certified ordering and alias-interval decisions remain exact when one event quantum is below binary-float resolution,Integer-unit comparison semantics,large-magnitude one-quantum ordering regression tests,141-test suite,tested,PASS_WITHIN_STATED_SCOPE
C23,Every one of seven independent certificate-obligation mutations is rejected in every public window,Certificate premise falsification campaign,certificate mutation experiment and test,280 of 280 detections in results/certificate_mutations.csv,empirical,PASS_WITHIN_STATED_SCOPE
C24,Every synthetic alias partition conserves the source component mass exactly in integer units,Exact integer partition construction,alias mass-conservation test,480 of 480 rows in results/alias_sensitivity.csv,tested,PASS_WITHIN_STATED_SCOPE
C25,"An explicit event map can certify a pure renaming of all event identifiers without weakening totality, injectivity, weight, origin, or entity checks",Definition 1 and Theorem 1,explicit-map renaming and invalid-map tests,40 public event-map comparisons plus tiny-history event-map obligations,proved_and_tested,PASS_WITHIN_STATED_SCOPE
C26,"A valid certificate cannot reuse a point-ranking verdict across a changed active may-link uncertainty partition, while equivalent edge spellings that induce the same active partition remain admissible",Definition 1 and Theorem 1 in proofs/guarantees.md,"active may-link partition checker plus regime-change, equivalent-edge, and inactive-intermediary tests",40 of 40 may-link-regime mutations rejected in results/certificate_mutations.csv,proved_and_tested,PASS_WITHIN_STATED_SCOPE
C27,With every component unresolved the exact best and worst competition ranks decompose across components under the nonnegative free-partition model,Theorem 7 in proofs/guarantees.md,src/rivet/global_aliases.py and tests/test_boundaries.py,results/global_alias_oracle/roots-1.jsonl.gz through roots-7.jsonl.gz,proved_and_bounded_oracle_checked,PASS_WITHIN_STATED_SCOPE
C28,"The independent whole-set oracle verifies 1,742,198 target cases across 274,250 complete finite problems: ternary masses through six roots and binary masses at the seven-root cap; both attaining partitions are checked and duplicate or incomplete members are refused","Complete finite mass alphabets, component partitions, and independently enumerated whole-set refinements",replayer/alias_rank_oracle.py and resumable member generation/check stages,results/boundary_summary.json; results/global_alias_oracle/,exhaustive_within_frozen_domains,PASS_WITHIN_STATED_SCOPE
C29,A fixed nonnegative additive transition score invariant under admitted cycle erasure has zero mass on every admitted cycle,Proposition 8 in proofs/guarantees.md,complete mathematical argument,proofs/guarantees.md and paper source-boundary proposition,proved,PASS_WITHIN_STATED_SCOPE
C30,Two identical-endpoint source-history comparisons change re-extracted mass although retained-event squashes certify,Eight frozen synthetic fixtures,src/rivet/boundary_experiments.py,results/source_boundary.csv,directed_synthetic_evidence,PASS_WITHIN_STATED_SCOPE
C31,Three directed behavior-changing source edits have zero token mass while whitespace/comment controls have equal syntax and a numeric-change control is detected,Explicit syntax and small behavior arguments in source_cases.json,unchanged extractor with source controls,results/source_boundary.csv,directed_synthetic_evidence,PASS_WITHIN_STATED_SCOPE
C32,The 56-root eight-component example has interval 1 to 48 and valid attaining partitions; it is not a full exhaustive search,Theorem 7 and direct witness calculation,global optimizer plus independent witness sums,results/boundary_summary.json,directed_witness_checked,PASS_WITHIN_STATED_SCOPE
C33,Equivalence chains and generated names handle the declared long-chain and collision regressions without losing existing entity equivalences,Local validity and fresh-name conditions,tests/test_boundaries.py,141-test suite,tested,PASS_WITHIN_STATED_SCOPE
C34,"Endpoint-anchored extraction is invariant to split, squash, reorder, or other path spellings that retain the same ordered source endpoints and complete compatible declarations",Proposition 9 in proofs/guarantees.md,src/rivet/public_patch_experiments.py constructs direct and staged histories from one endpoint extraction,12 of 12 endpoint certificates in results/public_patch_boundary.csv,proved_and_bounded_checked,PASS_WITHIN_STATED_SCOPE
C35,All twelve retained public patch endpoint pairs validate under the endpoint-anchored contract across five language strata,Determinism of the retained extractor plus Theorem 1,"public patch parser, corpus validator, and endpoint certificate tests",results/public_patch_summary.json and external_inputs/public_patch_manifest.csv,descriptive_public_boundary_evidence,PASS_WITHIN_STATED_SCOPE
C36,"Path-additive extraction disagrees with one-shot endpoint mass in three hunk paths, three contiguous-block paths, and eight delete-then-add paths in the frozen public patch corpus",Different functionals; Proposition 9 does not apply to transition sums,exact token-multiset accounting over retained unified hunks,results/public_patch_boundary.csv,descriptive_public_boundary_evidence,PASS_WITHIN_STATED_SCOPE
C37,Each of the eleven positive public endpoint edits induces positive mass on its edit/reverse cycle while the comment-only control has zero endpoint and cycle mass,Proposition 8 nonnegative-cycle obstruction,cycle-path calculation plus fixed-corpus tests,results/public_patch_boundary.csv and results/public_patch_summary.json,directed_public_boundary_evidence,PASS_WITHIN_STATED_SCOPE
C38,"The public patch campaign executes no upstream program and its fixed convenience sample supports no prevalence, population, ranking-validity, or semantic-accuracy estimate",Declared evidence scope,"input contract, manifest, notices, and upstream_execution field checks",external_inputs/public_patch_cases.json; external_inputs/THIRD_PARTY_NOTICES.md; results/public_patch_summary.json,scope_constraint,PASS_WITHIN_STATED_SCOPE
C39,Every redistributed public patch case records its upstream license-file path and project-specific copyright notice; the executable checks refuse missing or inconsistent notice metadata,MIT redistribution notice obligation and fixed-corpus metadata contract,"public-patch corpus validator, manifest comparison, and notice-completeness tests",external_inputs/public_patch_cases.json; external_inputs/public_patch_manifest.csv; external_inputs/THIRD_PARTY_NOTICES.md,artifact_compliance_checked,PASS_WITHIN_STATED_SCOPE
C40,"The decision form of the maximum-above-threshold block problem, and therefore exact worst alias-rank computation with unbounded component size, is strongly NP-complete even when the target is a singleton component",Theorem 7a in proofs/guarantees.md; reduction from 3-PARTITION,directed yes/no 3-partition instances and exact witness checks in tests/test_boundaries.py,proofs/guarantees.md and 141-test suite,proved_and_tested,PASS_WITHIN_STATED_SCOPE
C41,"Persistent scientific outputs are published atomically, and interrupted, truncated, row-incomplete, or temporary alias-oracle evidence is rejected before boundary results are accepted","Artifact persistence contract: same-directory temporary output, successful close and synchronization before atomic replacement, complete gzip decoding, and frozen row-count validation","atomic-publication failure injection, stale-interruption restart cleanup, complete-gzip publication, truncated-gzip rejection, row-count validation, and temporary-residue checks","scripts/check.sh, results/global_alias_oracle/, and 141-test suite",artifact_integrity_checked,PASS_WITHIN_STATED_SCOPE
