anchor_score,anchor_score_units,anchor_share,best_rank,component_score,component_score_units,component_size,outside_actors,partition_total_units,rank_width,resolutions,trial,worst_rank
458.715141936493,458715141936493,0.07878446418607221,1,5822.406062864184,5822406062864184,2,1,5822406062864184,2,2,1,3
622.536291593049,622536291593049,0.24616216707086233,1,2528.968196050372,2528968196050372,2,1,2528968196050372,1,2,2,2
2537.487444168956,2537487444168956,0.5929121439993497,1,4279.702262552644,4279702262552644,2,1,4279702262552644,1,2,3,2
451.567558277809,451567558277809,0.30495054038148717,1,1480.789500201924,1480789500201924,2,1,1480789500201924,1,2,4,2
1467.486391156431,1467486391156431,0.6121377634726746,1,2397.313936051486,2397313936051486,2,1,2397313936051486,0,2,5,1
1847.185072996697,1847185072996697,0.22860013583921934,1,8080.419839714672,8080419839714672,2,1,8080419839714672,1,2,6,2
938.503751847311,938503751847311,0.09346885315793797,1,10040.818092220352,10040818092220352,2,1,10040818092220352,1,2,7,2
267.281706891722,267281706891722,0.11784216220423657,1,2268.133084901194,2268133084901194,2,1,2268133084901194,2,2,8,3
66.561096797007,66561096797007,0.08399027721561506,1,792.485737678126,792485737678126,2,1,792485737678126,1,2,9,2
1411.523432015264,1411523432015264,0.5854084462184042,1,2411.177086926848,2411177086926848,2,1,2411177086926848,0,2,10,1
358.284075913211,358284075913211,0.2053532717512093,1,1744.720563046501,1744720563046501,2,1,1744720563046501,1,2,11,2
101.748366578555,101748366578555,0.061258791174924124,1,1660.959425203366,1660959425203366,2,1,1660959425203366,2,2,12,3
945.888912465769,945888912465769,0.6745662017000101,1,1402.218062633414,1402218062633414,2,4,1402218062633414,1,2,13,2
302.294706804782,302294706804782,0.1133067976915645,1,2667.930900559617,2667930900559617,2,1,2667930900559617,1,2,14,2
44915.463306946775,44915463306946775,0.7815190580969302,1,57472.0,57472000000000000,2,3,57472000000000000,0,2,15,1
2124.506711318737,2124506711318737,0.6656662812755161,1,3191.54923582409,3191549235824090,2,5,3191549235824090,0,2,16,1
534.383772813009,534383772813009,0.8996359811666819,1,594.0,594000000000000,2,4,594000000000000,0,2,17,1
10705.215920813578,10705215920813578,0.787737725170492,1,13589.822575142787,13589822575142788,2,2,13589822575142788,0,2,18,1
2673.853235924465,2673853235924465,0.5570593996249371,1,4799.942766830154,4799942766830154,2,1,4799942766830154,0,2,19,1
1213.924308729565,1213924308729565,0.8567179911577993,1,1416.947375050481,1416947375050481,2,1,1416947375050481,0,2,20,1
502.262120050551,502262120050551,0.7730221250231301,1,649.738350031731,649738350031731,2,5,649738350031731,0,2,21,1
83.806506224639,83806506224639,0.0974562635210488,1,859.939661102832,859939661102832,2,2,859939661102832,3,2,22,4
31130.152197676896,31130152197676895,0.8075531665144643,1,38548.73398867332,38548733988673319,2,1,38548733988673319,0,2,23,1
3131.051626719415,3131051626719415,0.848943166215022,1,3688.175782931476,3688175782931476,2,1,3688175782931476,0,2,24,1
4662.572465332914,4662572465332914,0.9191520662504831,1,5072.688879820558,5072688879820558,2,1,5072688879820558,0,2,25,1
605.382624551039,605382624551039,0.5245949952781968,1,1154.0,1154000000000000,2,3,1154000000000000,1,2,26,2
156.576840410126,156576840410126,0.2646768179944999,1,591.577462644952,591577462644952,2,3,591577462644952,2,2,27,3
66.242645328157,66242645328157,0.029694496765358805,1,2230.805453670283,2230805453670283,2,1,2230805453670283,2,2,28,3
722.495219402009,722495219402009,0.49115314167715807,1,1471.018218339964,1471018218339964,2,2,1471018218339964,1,2,29,2
26856.75218292301,26856752182923009,0.380844468547986,1,70518.9503875887,70518950387588703,2,2,70518950387588703,1,2,30,2
1585.711739572082,1585711739572082,0.4632520419433485,1,3423.0,3423000000000000,2,3,3423000000000000,1,2,31,2
689.987924871834,689987924871834,0.5602036735760337,1,1231.67333135702,1231673331357020,2,1,1231673331357020,0,2,32,1
2266.992077506965,2266992077506965,0.9785346458375835,1,2316.721321161314,2316721321161314,2,1,2316721321161314,0,2,33,1
603.855255362307,603855255362307,0.9605294282932245,1,628.669187611778,628669187611778,2,2,628669187611778,0,2,34,1
1856.890902223266,1856890902223266,0.6963279999001736,1,2666.689983010122,2666689983010122,2,1,2666689983010122,0,2,35,1
109.031761797008,109031761797008,0.04064604875514896,1,2682.468902544828,2682468902544828,2,1,2682468902544828,1,2,36,2
1974.822024770393,1974822024770393,0.20873684759876693,1,9460.821352281737,9460821352281737,2,2,9460821352281737,1,2,37,2
1259.316995725917,1259316995725917,0.28097210971127107,1,4482.0,4482000000000000,2,1,4482000000000000,1,2,38,2
591.348216515157,591348216515157,0.1998806214920823,1,2958.506993328423,2958506993328423,2,2,2958506993328423,2,2,39,3
1529.560233607956,1529560233607956,0.6796278563544637,1,2250.584962500721,2250584962500721,2,1,2250584962500721,0,2,40,1
1667.528090673968,1667528090673968,0.2863984532630948,1,5822.406062864184,5822406062864184,2,1,5822406062864184,2,2,41,3
252.399440852823,252399440852823,0.09980332739929629,1,2528.968196050372,2528968196050372,2,1,2528968196050372,1,2,42,2
1198.595923862234,1198595923862234,0.28006525929383863,1,4279.702262552644,4279702262552644,2,1,4279702262552644,2,2,43,3
220.089989424153,220089989424153,0.14863016613376917,1,1480.789500201924,1480789500201924,2,1,1480789500201924,1,2,44,2
693.316480544605,693316480544605,0.2892055438039697,1,2397.313936051486,2397313936051486,2,1,2397313936051486,1,2,45,2
5520.895899861191,5520895899861191,0.6832436939385738,1,8080.419839714672,8080419839714672,2,1,8080419839714672,0,2,46,1
822.832174924877,822832174924877,0.08194871845775288,1,10040.818092220352,10040818092220352,2,1,10040818092220352,1,2,47,2
1416.47463871709,1416474638717090,0.6245112547171346,1,2268.133084901194,2268133084901194,2,1,2268133084901194,0,2,48,1
590.614134365317,590614134365317,0.7452678405238371,1,792.485737678126,792485737678126,2,1,792485737678126,0,2,49,1
1765.4360969336,1765436096933600,0.7321884844151894,1,2411.177086926848,2411177086926848,2,1,2411177086926848,0,2,50,1
1564.864583504204,1564864583504204,0.89691416301746,1,1744.720563046501,1744720563046501,2,1,1744720563046501,0,2,51,1
1448.866376735002,1448866376735002,0.8723069057256497,1,1660.959425203366,1660959425203366,2,1,1660959425203366,0,2,52,1
40.199076427289,40199076427289,0.028668206107539184,1,1402.218062633414,1402218062633414,2,4,1402218062633414,3,2,53,4
2082.43621263139,2082436212631390,0.7805435336404645,1,2667.930900559617,2667930900559617,2,1,2667930900559617,0,2,54,1
42278.63664622094,42278636646220944,0.7356388614668177,1,57472.0,57472000000000000,2,3,57472000000000000,0,2,55,1
1288.301330641402,1288301330641402,0.4036601773773826,1,3191.54923582409,3191549235824090,2,5,3191549235824090,2,2,56,3
386.484778166899,386484778166899,0.6506477746917492,1,594.0,594000000000000,2,4,594000000000000,0,2,57,1
449.084457890491,449084457890491,0.03304564540172243,1,13589.822575142787,13589822575142788,2,2,13589822575142788,2,2,58,3
4053.811477001356,4053811477001356,0.8445541278148327,1,4799.942766830154,4799942766830154,2,1,4799942766830154,0,2,59,1
202.735579690404,202735579690404,0.1430791173053842,1,1416.947375050481,1416947375050481,2,1,1416947375050481,2,2,60,3
487.089678210688,487089678210688,0.7496705068846563,1,649.738350031731,649738350031731,2,5,649738350031731,0,2,61,1
753.825417686082,753825417686082,0.8766026871226482,1,859.939661102832,859939661102832,2,2,859939661102832,0,2,62,1
5632.146094955919,5632146094955919,0.14610456718528808,1,38548.73398867332,38548733988673319,2,1,38548733988673319,1,2,63,2
2998.119929506284,2998119929506284,0.8129004976881242,1,3688.175782931476,3688175782931476,2,1,3688175782931476,0,2,64,1
831.93307433425,831933074334250,0.1640023849370551,1,5072.688879820558,5072688879820558,2,1,5072688879820558,2,2,65,3
978.473972828685,978473972828685,0.8478977234217374,1,1154.0,1154000000000000,2,3,1154000000000000,0,2,66,1
112.94648646769,112946486467690,0.19092425523228101,1,591.577462644952,591577462644952,2,3,591577462644952,2,2,67,3
1816.128699926889,1816128699926889,0.8141134391342204,1,2230.805453670283,2230805453670283,2,1,2230805453670283,0,2,68,1
1137.981313779969,1137981313779969,0.7736011013270622,1,1471.018218339964,1471018218339964,2,2,1471018218339964,0,2,69,1
34652.18418079423,34652184180794230,0.49138825791276947,1,70518.9503875887,70518950387588703,2,2,70518950387588703,1,2,70,2
250.178601607807,250178601607807,0.07308752603207917,1,3423.0,3423000000000000,2,3,3423000000000000,3,2,71,4
489.993033026701,489993033026701,0.397827102813732,1,1231.67333135702,1231673331357020,2,1,1231673331357020,2,2,72,3
480.564404515571,480564404515571,0.20743297872127156,1,2316.721321161314,2316721321161314,2,1,2316721321161314,1,2,73,2
521.429561906838,521429561906838,0.8294180344477712,1,628.669187611778,628669187611778,2,2,628669187611778,0,2,74,1
1048.039178396265,1048039178396265,0.39301125555406824,1,2666.689983010122,2666689983010122,2,1,2666689983010122,1,2,75,2
2066.453546329164,2066453546329164,0.7703550801162105,1,2682.468902544828,2682468902544828,2,1,2682468902544828,0,2,76,1
4540.782582514693,4540782582514693,0.4799564872260862,1,9460.821352281737,9460821352281737,2,2,9460821352281737,1,2,77,2
2966.609998010862,2966609998010862,0.6618942431974257,1,4482.0,4482000000000000,2,1,4482000000000000,0,2,78,1
2323.610860579348,2323610860579348,0.7853998201860612,1,2958.506993328423,2958506993328423,2,2,2958506993328423,0,2,79,1
1933.999845707605,1933999845707605,0.8593320749635931,1,2250.584962500721,2250584962500721,2,1,2250584962500721,0,2,80,1
3048.156724808307,3048156724808307,0.5235218382052942,1,5822.406062864184,5822406062864184,3,1,5822406062864184,0,5,1,1
587.324760296892,587324760296892,0.23223888746966023,1,2528.968196050372,2528968196050372,3,1,2528968196050372,1,5,2,2
490.179057715888,490179057715888,0.11453578488507257,1,4279.702262552644,4279702262552644,3,1,4279702262552644,3,5,3,4
374.628502372281,374628502372281,0.25299240865848643,1,1480.789500201924,1480789500201924,3,1,1480789500201924,2,5,4,3
182.106196415482,182106196415482,0.07596259867217114,1,2397.313936051486,2397313936051486,3,1,2397313936051486,1,5,5,2
2731.963899375297,2731963899375297,0.33809677635163143,1,8080.419839714672,8080419839714672,3,1,8080419839714672,1,5,6,2
870.56820643691,870568206436910,0.08670291588206624,1,10040.818092220352,10040818092220352,3,1,10040818092220352,2,5,7,3
702.303952921879,702303952921879,0.30963965809461014,1,2268.133084901194,2268133084901194,3,1,2268133084901194,3,5,8,4
537.11100291504,537111002915040,0.6777547877248885,1,792.485737678126,792485737678126,3,1,792485737678126,0,5,9,1
388.600049832784,388600049832784,0.16116611755301308,1,2411.177086926848,2411177086926848,3,1,2411177086926848,2,5,10,3
1019.173489513881,1019173489513881,0.5841471185129361,1,1744.720563046501,1744720563046501,3,1,1744720563046501,0,5,11,1
267.969883174582,267969883174582,0.16133439451223924,1,1660.959425203366,1660959425203366,3,1,1660959425203366,1,5,12,2
817.545265192026,817545265192026,0.5830371801491757,1,1402.218062633414,1402218062633414,3,4,1402218062633414,1,5,13,2
1763.558053902165,1763558053902165,0.6610208883341943,1,2667.930900559617,2667930900559617,3,1,2667930900559617,0,5,14,1
9133.635998662183,9133635998662183,0.15892323215935034,1,57472.0,57472000000000000,3,3,57472000000000000,2,5,15,3
861.234141179111,861234141179111,0.2698483017313476,1,3191.54923582409,3191549235824090,3,5,3191549235824090,2,5,16,3
179.268279053598,179268279053598,0.3017984495851818,1,594.0,594000000000000,3,4,594000000000000,2,5,17,3
1434.55376701261,1434553767012610,0.10556089007641346,1,13589.822575142787,13589822575142788,3,2,13589822575142788,3,5,18,4
676.530083705823,676530083705823,0.14094544801262252,1,4799.942766830154,4799942766830154,3,1,4799942766830154,3,5,19,4
274.191491897865,274191491897865,0.19350859229200132,1,1416.947375050481,1416947375050481,3,1,1416947375050481,2,5,20,3
145.1415223194,145141522319400,0.22338457059262667,1,649.738350031731,649738350031731,3,5,649738350031731,1,5,21,2
608.432179366041,608432179366041,0.7075289196287975,1,859.939661102832,859939661102832,3,2,859939661102832,0,5,22,1
7392.946498318692,7392946498318692,0.191781823509196,1,38548.73398867332,38548733988673319,3,1,38548733988673319,1,5,23,2
1512.605761636641,1512605761636641,0.4101230122047966,1,3688.175782931476,3688175782931476,3,1,3688175782931476,2,5,24,3
3004.862002304093,3004862002304093,0.5923607919771313,1,5072.688879820558,5072688879820558,3,1,5072688879820558,1,5,25,2
190.710453338324,190710453338324,0.16526035817879028,1,1154.0,1154000000000000,3,3,1154000000000000,3,5,26,4
297.582370111859,297582370111859,0.5030319592997401,1,591.577462644952,591577462644952,3,3,591577462644952,0,5,27,1
1237.254775985498,1237254775985498,0.5546224454265506,1,2230.805453670283,2230805453670283,3,1,2230805453670283,0,5,28,1
888.70717196688,888707171966880,0.6041442321290766,1,1471.018218339964,1471018218339964,3,2,1471018218339964,0,5,29,1
34171.97863563878,34171978635638777,0.4845786621584916,1,70518.9503875887,70518950387588703,3,2,70518950387588703,1,5,30,2
1798.983999378773,1798983999378773,0.5255576977443099,1,3423.0,3423000000000000,3,3,3423000000000000,0,5,31,1
257.375806237365,257375806237365,0.20896434118111187,1,1231.67333135702,1231673331357020,3,1,1231673331357020,2,5,32,3
364.194209174108,364194209174108,0.157202424757565,1,2316.721321161314,2316721321161314,3,1,2316721321161314,2,5,33,3
117.980293142754,117980293142754,0.18766673390013566,1,628.669187611778,628669187611778,3,2,628669187611778,4,5,34,5
344.515349100904,344515349100904,0.12919212630484325,1,2666.689983010122,2666689983010122,3,1,2666689983010122,2,5,35,3
1535.688330632613,1535688330632613,0.5724906369560232,1,2682.468902544828,2682468902544828,3,1,2682468902544828,0,5,36,1
6903.226705862893,6903226705862893,0.7296646294032378,1,9460.821352281737,9460821352281737,3,2,9460821352281737,0,5,37,1
313.515399306216,313515399306216,0.06994988828786614,1,4482.0,4482000000000000,3,1,4482000000000000,2,5,38,3
732.588948543224,732588948543224,0.24762116506577395,1,2958.506993328423,2958506993328423,3,2,2958506993328423,2,5,39,3
322.372607625555,322372607625555,0.14323947462412306,1,2250.584962500721,2250584962500721,3,1,2250584962500721,2,5,40,3
2297.89017815925,2297890178159250,0.39466333219446764,1,5822.406062864184,5822406062864184,3,1,5822406062864184,2,5,41,3
1359.128352425645,1359128352425645,0.5374240587715853,1,2528.968196050372,2528968196050372,3,1,2528968196050372,0,5,42,1
162.303690997096,162303690997096,0.037924061310818706,1,4279.702262552644,4279702262552644,3,1,4279702262552644,3,5,43,4
533.891123597022,533891123597022,0.36054491440155356,1,1480.789500201924,1480789500201924,3,1,1480789500201924,1,5,44,2
1455.712140508151,1455712140508151,0.6072263288577852,1,2397.313936051486,2397313936051486,3,1,2397313936051486,0,5,45,1
1364.479349702196,1364479349702196,0.16886243249340582,1,8080.419839714672,8080419839714672,3,1,8080419839714672,2,5,46,3
1285.372828441858,1285372828441858,0.128014751052782,1,10040.818092220352,10040818092220352,3,1,10040818092220352,2,5,47,3
480.706069054878,480706069054878,0.21193909310476763,1,2268.133084901194,2268133084901194,3,1,2268133084901194,3,5,48,4
237.83846542468,237838465424680,0.3001170293884581,1,792.485737678126,792485737678126,3,1,792485737678126,2,5,49,3
1057.001932445831,1057001932445831,0.4383759028637033,1,2411.177086926848,2411177086926848,3,1,2411177086926848,1,5,50,2
387.560054656355,387560054656355,0.22213302397240423,1,1744.720563046501,1744720563046501,3,1,1744720563046501,2,5,51,3
728.10147406989,728101474069890,0.4383619870670484,1,1660.959425203366,1660959425203366,3,1,1660959425203366,1,5,52,2
21.332175266743,21332175266743,0.015213165366505433,1,1402.218062633414,1402218062633414,3,4,1402218062633414,4,5,53,5
1450.760662815247,1450760662815247,0.5437774503496099,1,2667.930900559617,2667930900559617,3,1,2667930900559617,0,5,54,1
19157.784459716106,19157784459716107,0.33334118283192,1,57472.0,57472000000000000,3,3,57472000000000000,1,5,55,2
711.686373160968,711686373160968,0.22299088015704807,1,3191.54923582409,3191549235824090,3,5,3191549235824090,2,5,56,3
220.085820409909,220085820409909,0.370514849174931,1,594.0,594000000000000,3,4,594000000000000,1,5,57,2
5620.92993343788,5620929933437880,0.41361319490065684,1,13589.822575142787,13589822575142788,3,2,13589822575142788,1,5,58,2
1279.182737280065,1279182737280065,0.2664995812283044,1,4799.942766830154,4799942766830154,3,1,4799942766830154,3,5,59,4
35.775016513275,35775016513275,0.025247950024961555,1,1416.947375050481,1416947375050481,3,1,1416947375050481,3,5,60,4
276.667064724195,276667064724195,0.42581304414412896,1,649.738350031731,649738350031731,3,5,649738350031731,1,5,61,2
159.080022083697,159080022083697,0.184989749024582,1,859.939661102832,859939661102832,3,2,859939661102832,4,5,62,5
3185.093802783767,3185093802783767,0.08262512080733016,1,38548.73398867332,38548733988673319,3,1,38548733988673319,1,5,63,2
1507.706400361232,1507706400361232,0.408794615305147,1,3688.175782931476,3688175782931476,3,1,3688175782931476,2,5,64,3
1058.280386684965,1058280386684965,0.2086231605677344,1,5072.688879820558,5072688879820558,3,1,5072688879820558,3,5,65,4
808.199122706858,808199122706858,0.7003458602312461,1,1154.0,1154000000000000,3,3,1154000000000000,0,5,66,1
101.496347262703,101496347262703,0.17156898913780666,1,591.577462644952,591577462644952,3,3,591577462644952,2,5,67,3
314.188898152267,314188898152267,0.14084101221616643,1,2230.805453670283,2230805453670283,3,1,2230805453670283,2,5,68,3
529.075745214913,529075745214913,0.3596663444535528,1,1471.018218339964,1471018218339964,3,2,1471018218339964,2,5,69,3
3593.381677780923,3593381677780923,0.05095625584372504,1,70518.9503875887,70518950387588703,3,2,70518950387588703,2,5,70,3
2499.448864194914,2499448864194914,0.7301924815059637,1,3423.0,3423000000000000,3,3,3423000000000000,0,5,71,1
674.269370337067,674269370337067,0.5474417227124482,1,1231.67333135702,1231673331357020,3,1,1231673331357020,0,5,72,1
785.893746882221,785893746882221,0.33922670789263176,1,2316.721321161314,2316721321161314,3,1,2316721321161314,1,5,73,2
294.931945068709,294931945068709,0.46913694973522113,1,628.669187611778,628669187611778,3,2,628669187611778,1,5,74,2
915.746834253944,915746834253944,0.34340206026508635,1,2666.689983010122,2666689983010122,3,1,2666689983010122,1,5,75,2
854.692710217728,854692710217728,0.31862166581200274,1,2682.468902544828,2682468902544828,3,1,2682468902544828,1,5,76,2
1990.474918108187,1990474918108187,0.21039134383698402,1,9460.821352281737,9460821352281737,3,2,9460821352281737,2,5,77,3
1080.161244934035,1080161244934035,0.24099983153369814,1,4482.0,4482000000000000,3,1,4482000000000000,1,5,78,2
1050.374532916127,1050374532916127,0.3550353388667908,1,2958.506993328423,2958506993328423,3,2,2958506993328423,2,5,79,3
503.737367182823,503737367182823,0.22382508351211008,1,2250.584962500721,2250584962500721,3,1,2250584962500721,1,5,80,2
1768.276969663106,1768276969663106,0.3037021036614625,1,5822.406062864184,5822406062864184,4,1,5822406062864184,3,15,1,4
115.0197009044,115019700904400,0.04548088073390269,1,2528.968196050372,2528968196050372,4,1,2528968196050372,4,15,2,5
2806.486609935678,2806486609935678,0.6557667888470678,1,4279.702262552644,4279702262552644,4,1,4279702262552644,1,15,3,2
381.510717240779,381510717240779,0.25764007456073623,1,1480.789500201924,1480789500201924,4,1,1480789500201924,2,15,4,3
1019.21824581184,1019218245811840,0.4251500942302747,1,2397.313936051486,2397313936051486,4,1,2397313936051486,1,15,5,2
407.498197909685,407498197909685,0.050430324907978316,1,8080.419839714672,8080419839714672,4,1,8080419839714672,2,15,6,3
2205.782336035975,2205782336035975,0.21968153548613933,1,10040.818092220352,10040818092220352,4,1,10040818092220352,2,15,7,3
549.572103789069,549572103789069,0.24230152430099128,1,2268.133084901194,2268133084901194,4,1,2268133084901194,3,15,8,4
86.53931965398,86539319653980,0.10919984491774992,1,792.485737678126,792485737678126,4,1,792485737678126,2,15,9,3
554.762133751544,554762133751544,0.23007938187510438,1,2411.177086926848,2411177086926848,4,1,2411177086926848,2,15,10,3
777.696216165392,777696216165392,0.44574256338644674,1,1744.720563046501,1744720563046501,4,1,1744720563046501,1,15,11,2
877.804769749836,877804769749836,0.5284926027873068,1,1660.959425203366,1660959425203366,4,1,1660959425203366,0,15,12,1
717.084558971209,717084558971209,0.5113930408402381,1,1402.218062633414,1402218062633414,4,4,1402218062633414,1,15,13,2
1646.100431665218,1646100431665218,0.6169951520558261,1,2667.930900559617,2667930900559617,4,1,2667930900559617,0,15,14,1
30472.978357771513,30472978357771512,0.5302230365703562,1,57472.0,57472000000000000,4,3,57472000000000000,0,15,15,1
1139.842642031454,1139842642031454,0.3571439942824931,1,3191.54923582409,3191549235824090,4,5,3191549235824090,2,15,16,3
357.398581160273,357398581160273,0.6016811130644326,1,594.0,594000000000000,4,4,594000000000000,0,15,17,1
2829.372992392341,2829372992392341,0.20819793464909256,1,13589.822575142787,13589822575142788,4,2,13589822575142788,3,15,18,4
1057.128799356273,1057128799356273,0.220237792554846,1,4799.942766830154,4799942766830154,4,1,4799942766830154,2,15,19,3
47.553360475534,47553360475534,0.03356042808141681,1,1416.947375050481,1416947375050481,4,1,1416947375050481,3,15,20,4
47.669763365536,47669763365536,0.07336763077507734,1,649.738350031731,649738350031731,4,5,649738350031731,6,15,21,7
218.03768028959,218037680289590,0.25354997583198685,1,859.939661102832,859939661102832,4,2,859939661102832,3,15,22,4
11733.460590682036,11733460590682036,0.3043799205994586,1,38548.73398867332,38548733988673319,4,1,38548733988673319,1,15,23,2
342.122353011777,342122353011777,0.09276194334204092,1,3688.175782931476,3688175782931476,4,1,3688175782931476,3,15,24,4
1678.617479878716,1678617479878716,0.33091276040136247,1,5072.688879820558,5072688879820558,4,1,5072688879820558,2,15,25,3
559.821606227265,559821606227265,0.48511404352449305,1,1154.0,1154000000000000,4,3,1154000000000000,2,15,26,3
49.992323417161,49992323417161,0.08450680861580587,1,591.577462644952,591577462644952,4,3,591577462644952,3,15,27,4
857.294114092353,857294114092353,0.38429801786698636,1,2230.805453670283,2230805453670283,4,1,2230805453670283,1,15,28,2
280.052081696465,280052081696465,0.19037975070934351,1,1471.018218339964,1471018218339964,4,2,1471018218339964,3,15,29,4
13366.050445630348,13366050445630347,0.1895384201291624,1,70518.9503875887,70518950387588703,4,2,70518950387588703,2,15,30,3
442.983608819347,442983608819347,0.12941385007868741,1,3423.0,3423000000000000,4,3,3423000000000000,5,15,31,6
56.112262875774,56112262875774,0.045557747697558104,1,1231.67333135702,1231673331357020,4,1,1231673331357020,4,15,32,5
464.234739329388,464234739329388,0.20038436867179124,1,2316.721321161314,2316721321161314,4,1,2316721321161314,1,15,33,2
100.56316134219,100563161342190,0.15996196938522578,1,628.669187611778,628669187611778,4,2,628669187611778,5,15,34,6
461.445466310461,461445466310461,0.17304053686420193,1,2666.689983010122,2666689983010122,4,1,2666689983010122,2,15,35,3
556.569658221009,556569658221009,0.20748410454749266,1,2682.468902544828,2682468902544828,4,1,2682468902544828,2,15,36,3
2152.128910384381,2152128910384381,0.22747802016844298,1,9460.821352281737,9460821352281737,4,2,9460821352281737,2,15,37,3
2486.021472565468,2486021472565468,0.554667887676365,1,4482.0,4482000000000000,4,1,4482000000000000,0,15,38,1
278.460901755735,278460901755735,0.09412210360958344,1,2958.506993328423,2958506993328423,4,2,2958506993328423,4,15,39,5
1059.316917522259,1059316917522259,0.4706851486047462,1,2250.584962500721,2250584962500721,4,1,2250584962500721,1,15,40,2
1390.240134315448,1390240134315448,0.23877416300153323,1,5822.406062864184,5822406062864184,4,1,5822406062864184,2,15,41,3
1862.50656355691,1862506563556910,0.7364689545980406,1,2528.968196050372,2528968196050372,4,1,2528968196050372,0,15,42,1
829.743966370041,829743966370041,0.19387889985485512,1,4279.702262552644,4279702262552644,4,1,4279702262552644,3,15,43,4
105.307196227068,105307196227068,0.07111557463954739,1,1480.789500201924,1480789500201924,4,1,1480789500201924,2,15,44,3
307.226408581749,307226408581749,0.12815443316020952,1,2397.313936051486,2397313936051486,4,1,2397313936051486,2,15,45,3
717.471208491401,717471208491401,0.08879132801554228,1,8080.419839714672,8080419839714672,4,1,8080419839714672,2,15,46,3
2997.432736434218,2997432736434218,0.29852475255543526,1,10040.818092220352,10040818092220352,4,1,10040818092220352,2,15,47,3
137.021127895431,137021127895431,0.060411414483378965,1,2268.133084901194,2268133084901194,4,1,2268133084901194,3,15,48,4
196.700420040236,196700420040236,0.24820688964894325,1,792.485737678126,792485737678126,4,1,792485737678126,2,15,49,3
1124.994234587515,1124994234587515,0.46657470356993563,1,2411.177086926848,2411177086926848,4,1,2411177086926848,1,15,50,2
206.81508624512,206815086245120,0.11853765618718616,1,1744.720563046501,1744720563046501,4,1,1744720563046501,3,15,51,4
537.200029097389,537200029097389,0.32342754491526177,1,1660.959425203366,1660959425203366,4,1,1660959425203366,1,15,52,2
33.698644860546,33698644860546,0.024032385374681865,1,1402.218062633414,1402218062633414,4,4,1402218062633414,4,15,53,5
419.335216129397,419335216129397,0.1571761907482081,1,2667.930900559617,2667930900559617,4,1,2667930900559617,2,15,54,3
16013.700099429616,16013700099429616,0.2786348152044407,1,57472.0,57472000000000000,4,3,57472000000000000,2,15,55,3
643.594965621475,643594965621475,0.20165597271611332,1,3191.54923582409,3191549235824090,4,5,3191549235824090,3,15,56,4
259.020436161142,259020436161142,0.43606134033862287,1,594.0,594000000000000,4,4,594000000000000,1,15,57,2
5155.05147310484,5155051473104840,0.379331771596045,1,13589.822575142787,13589822575142788,4,2,13589822575142788,1,15,58,2
481.747153420881,481747153420881,0.10036518700805742,1,4799.942766830154,4799942766830154,4,1,4799942766830154,4,15,59,5
63.704340078554,63704340078554,0.04495886099953743,1,1416.947375050481,1416947375050481,4,1,1416947375050481,4,15,60,5
117.60180270485,117601802704850,0.1809987092482793,1,649.738350031731,649738350031731,4,5,649738350031731,3,15,61,4
15.715534451617,15715534451617,0.018275159482076416,1,859.939661102832,859939661102832,4,2,859939661102832,5,15,62,6
3603.119776643819,3603119776643819,0.09346921166600478,1,38548.73398867332,38548733988673319,4,1,38548733988673319,3,15,63,4
958.255739224394,958255739224394,0.25981834804596615,1,3688.175782931476,3688175782931476,4,1,3688175782931476,2,15,64,3
328.579354645907,328579354645907,0.06477419814824721,1,5072.688879820558,5072688879820558,4,1,5072688879820558,3,15,65,4
96.823926394745,96823926394745,0.08390288249111352,1,1154.0,1154000000000000,4,3,1154000000000000,5,15,66,6
88.112436432948,88112436432948,0.1489448838010088,1,591.577462644952,591577462644952,4,3,591577462644952,3,15,67,4
1267.184628989966,1267184628989966,0.5680390582267503,1,2230.805453670283,2230805453670283,4,1,2230805453670283,0,15,68,1
400.347557663354,400347557663354,0.27215676371101916,1,1471.018218339964,1471018218339964,4,2,1471018218339964,3,15,69,4
38872.77528527579,38872775285275794,0.5512387106107209,1,70518.9503875887,70518950387588703,4,2,70518950387588703,0,15,70,1
1266.927300673207,1266927300673207,0.37012191080140433,1,3423.0,3423000000000000,4,3,3423000000000000,1,15,71,2
223.123583502781,223123583502781,0.18115483856173964,1,1231.67333135702,1231673331357020,4,1,1231673331357020,4,15,72,5
89.975713883521,89975713883521,0.03883752139787726,1,2316.721321161314,2316721321161314,4,1,2316721321161314,3,15,73,4
105.070105607314,105070105607314,0.16713099302108303,1,628.669187611778,628669187611778,4,2,628669187611778,4,15,74,5
99.871814171613,99871814171613,0.03745160285144174,1,2666.689983010122,2666689983010122,4,1,2666689983010122,4,15,75,5
1236.444297234055,1236444297234055,0.46093518402433453,1,2682.468902544828,2682468902544828,4,1,2682468902544828,1,15,76,2
1684.12362034267,1684123620342670,0.1780102971647908,1,9460.821352281737,9460821352281737,4,2,9460821352281737,2,15,77,3
3596.576247983352,3596576247983352,0.8024489620667898,1,4482.0,4482000000000000,4,1,4482000000000000,0,15,78,1
155.571217380846,155571217380846,0.05258436695659894,1,2958.506993328423,2958506993328423,4,2,2958506993328423,4,15,79,5
1288.867446143902,1288867446143902,0.5726810885254411,1,2250.584962500721,2250584962500721,4,1,2250584962500721,0,15,80,1
583.212065124766,583212065124766,0.10016684834892291,1,5822.406062864184,5822406062864184,5,1,5822406062864184,4,52,1,5
471.072264049928,471072264049928,0.18627053704575144,1,2528.968196050372,2528968196050372,5,1,2528968196050372,3,52,2,4
446.250398805728,446250398805728,0.10427136548970121,1,4279.702262552644,4279702262552644,5,1,4279702262552644,4,52,3,5
58.857848960413,58857848960413,0.03974761365635494,1,1480.789500201924,1480789500201924,5,1,1480789500201924,4,52,4,5
167.778373242376,167778373242376,0.069985983362161,1,2397.313936051486,2397313936051486,5,1,2397313936051486,3,52,5,4
2122.042188890588,2122042188890588,0.2626153381858831,1,8080.419839714672,8080419839714672,5,1,8080419839714672,2,52,6,3
3369.782001526981,3369782001526981,0.3356083110536477,1,10040.818092220352,10040818092220352,5,1,10040818092220352,1,52,7,2
1060.312912703942,1060312912703942,0.4674826709959712,1,2268.133084901194,2268133084901194,5,1,2268133084901194,1,52,8,2
120.299747859879,120299747859879,0.15180052099403163,1,792.485737678126,792485737678126,5,1,792485737678126,2,52,9,3
26.625118410317,26625118410317,0.011042373683241943,1,2411.177086926848,2411177086926848,5,1,2411177086926848,4,52,10,5
537.599272020161,537599272020161,0.3081291545515147,1,1744.720563046501,1744720563046501,5,1,1744720563046501,1,52,11,2
89.011020037909,89011020037909,0.053590123086246125,1,1660.959425203366,1660959425203366,5,1,1660959425203366,4,52,12,5
139.859779800446,139859779800446,0.09974181871383435,1,1402.218062633414,1402218062633414,5,4,1402218062633414,4,52,13,5
917.923108745134,917923108745134,0.3440580520854544,1,2667.930900559617,2667930900559617,5,1,2667930900559617,1,52,14,2
21087.247339699847,21087247339699845,0.3669134072191649,1,57472.0,57472000000000000,5,3,57472000000000000,1,52,15,2
797.723289978552,797723289978552,0.24994860835119526,1,3191.54923582409,3191549235824090,5,5,3191549235824090,3,52,16,4
126.634906504058,126634906504058,0.21319007828965994,1,594.0,594000000000000,5,4,594000000000000,3,52,17,4
550.890878475694,550890878475694,0.04053701771525194,1,13589.822575142787,13589822575142788,5,2,13589822575142788,4,52,18,5
329.996177009228,329996177009228,0.06875002328978914,1,4799.942766830154,4799942766830154,5,1,4799942766830154,4,52,19,5
460.697573994099,460697573994099,0.32513386319494464,1,1416.947375050481,1416947375050481,5,1,1416947375050481,1,52,20,2
38.269288729096,38269288729096,0.05889953814058699,1,649.738350031731,649738350031731,5,5,649738350031731,7,52,21,8
9.849164768488,9849164768488,0.011453320754920074,1,859.939661102832,859939661102832,5,2,859939661102832,5,52,22,6
3767.461658528183,3767461658528183,0.0977324355096893,1,38548.73398867332,38548733988673319,5,1,38548733988673319,3,52,23,4
41.589744492498,41589744492498,0.011276508209009817,1,3688.175782931476,3688175782931476,5,1,3688175782931476,5,52,24,6
585.026432136859,585026432136859,0.11532866414578018,1,5072.688879820558,5072688879820558,5,1,5072688879820558,2,52,25,3
238.945266577524,238945266577524,0.20705828992853034,1,1154.0,1154000000000000,5,3,1154000000000000,4,52,26,5
35.807773773403,35807773773403,0.060529306869308186,1,591.577462644952,591577462644952,5,3,591577462644952,5,52,27,6
226.132512431007,226132512431007,0.1013681009515901,1,2230.805453670283,2230805453670283,5,1,2230805453670283,4,52,28,5
314.800483243427,314800483243427,0.21400175695898424,1,1471.018218339964,1471018218339964,5,2,1471018218339964,3,52,29,4
18469.3155576275,18469315557627497,0.26190570699245813,1,70518.9503875887,70518950387588703,5,2,70518950387588703,2,52,30,3
797.360620557378,797360620557378,0.23294204515260825,1,3423.0,3423000000000000,5,3,3423000000000000,2,52,31,3
513.156919973341,513156919973341,0.4166339457946698,1,1231.67333135702,1231673331357020,5,1,1231673331357020,1,52,32,2
668.439149993123,668439149993123,0.2885280779727323,1,2316.721321161314,2316721321161314,5,1,2316721321161314,2,52,33,3
142.033204794791,142033204794791,0.22592677928809315,1,628.669187611778,628669187611778,5,2,628669187611778,3,52,34,4
341.855441402015,341855441402015,0.12819466963915072,1,2666.689983010122,2666689983010122,5,1,2666689983010122,1,52,35,2
748.378135266962,748378135266962,0.2789885595903774,1,2682.468902544828,2682468902544828,5,1,2682468902544828,2,52,36,3
1185.112557026078,1185112557026078,0.12526529282156412,1,9460.821352281737,9460821352281737,5,2,9460821352281737,3,52,37,4
902.238926603474,902238926603474,0.20130275024620126,1,4482.0,4482000000000000,5,1,4482000000000000,2,52,38,3
352.650747710507,352650747710507,0.11919888934038404,1,2958.506993328423,2958506993328423,5,2,2958506993328423,3,52,39,4
659.824986688885,659824986688885,0.2931793279004785,1,2250.584962500721,2250584962500721,5,1,2250584962500721,2,52,40,3
4438.756001504799,4438756001504799,0.7623576840192534,1,5822.406062864184,5822406062864184,5,1,5822406062864184,0,52,41,1
206.87545095519,206875450955190,0.08180231419211942,1,2528.968196050372,2528968196050372,5,1,2528968196050372,3,52,42,4
539.457868090865,539457868090865,0.12605032663396154,1,4279.702262552644,4279702262552644,5,1,4279702262552644,4,52,43,5
645.193331179011,645193331179011,0.4357090127199247,1,1480.789500201924,1480789500201924,5,1,1480789500201924,1,52,44,2
809.350218427655,809350218427655,0.3376071052924764,1,2397.313936051486,2397313936051486,5,1,2397313936051486,1,52,45,2
1547.943520019129,1547943520019129,0.19156721441763458,1,8080.419839714672,8080419839714672,5,1,8080419839714672,2,52,46,3
4797.484459223125,4797484459223125,0.47779816496628164,1,10040.818092220352,10040818092220352,5,1,10040818092220352,1,52,47,2
437.787196353952,437787196353952,0.19301653825706758,1,2268.133084901194,2268133084901194,5,1,2268133084901194,3,52,48,4
113.537565777729,113537565777729,0.14326764556088847,1,792.485737678126,792485737678126,5,1,792485737678126,2,52,49,3
1211.312534194629,1211312534194629,0.5023739404136842,1,2411.177086926848,2411177086926848,5,1,2411177086926848,0,52,50,1
1096.70447496744,1096704474967440,0.6285845987006976,1,1744.720563046501,1744720563046501,5,1,1744720563046501,0,52,51,1
55.646534616476,55646534616476,0.033502645381998236,1,1660.959425203366,1660959425203366,5,1,1660959425203366,4,52,52,5
31.736579347244,31736579347244,0.022633126895856417,1,1402.218062633414,1402218062633414,5,4,1402218062633414,6,52,53,7
673.703977219724,673703977219724,0.25251927517253536,1,2667.930900559617,2667930900559617,5,1,2667930900559617,1,52,54,2
1186.327236810388,1186327236810388,0.020641829705080526,1,57472.0,57472000000000000,5,3,57472000000000000,4,52,55,5
1045.538984026391,1045538984026391,0.3275960691098104,1,3191.54923582409,3191549235824090,5,5,3191549235824090,2,52,56,3
61.406765158405,61406765158405,0.10337839252256734,1,594.0,594000000000000,5,4,594000000000000,3,52,57,4
4250.129201946803,4250129201946803,0.31274353866258237,1,13589.822575142787,13589822575142788,5,2,13589822575142788,1,52,58,2
1564.833769985157,1564833769985157,0.3260109226299299,1,4799.942766830154,4799942766830154,5,1,4799942766830154,2,52,59,3
15.446550603241,15446550603241,0.010901287426211359,1,1416.947375050481,1416947375050481,5,1,1416947375050481,5,52,60,6
108.657903610363,108657903610363,0.16723332339095656,1,649.738350031731,649738350031731,5,5,649738350031731,4,52,61,5
23.728795047492,23728795047492,0.027593558153906916,1,859.939661102832,859939661102832,5,2,859939661102832,4,52,62,5
8066.865535798664,8066865535798664,0.20926408473411687,1,38548.73398867332,38548733988673319,5,1,38548733988673319,2,52,63,3
308.047694027873,308047694027873,0.08352305100355796,1,3688.175782931476,3688175782931476,5,1,3688175782931476,4,52,64,5
161.062337884403,161062337884403,0.031750880391091606,1,5072.688879820558,5072688879820558,5,1,5072688879820558,5,52,65,6
212.24954555723,212249545557230,0.1839250828052253,1,1154.0,1154000000000000,5,3,1154000000000000,4,52,66,5
73.234856293467,73234856293467,0.12379588628348488,1,591.577462644952,591577462644952,5,3,591577462644952,3,52,67,4
155.531167268093,155531167268093,0.06971973598692878,1,2230.805453670283,2230805453670283,5,1,2230805453670283,4,52,68,5
114.06885286688,114068852866880,0.07754414693490749,1,1471.018218339964,1471018218339964,5,2,1471018218339964,4,52,69,5
25744.1534355909,25744153435590899,0.3650671669685239,1,70518.9503875887,70518950387588703,5,2,70518950387588703,1,52,70,2
66.363509961045,66363509961045,0.019387528472405786,1,3423.0,3423000000000000,5,3,3423000000000000,6,52,71,7
47.691283615226,47691283615226,0.038720724400747725,1,1231.67333135702,1231673331357020,5,1,1231673331357020,5,52,72,6
862.974012402806,862974012402806,0.37249798002041046,1,2316.721321161314,2316721321161314,5,1,2316721321161314,1,52,73,2
119.359671363732,119359671363732,0.1898608580089027,1,628.669187611778,628669187611778,5,2,628669187611778,3,52,74,4
881.399345959701,881399345959701,0.3305218647743934,1,2666.689983010122,2666689983010122,5,1,2666689983010122,1,52,75,2
1135.627397295229,1135627397295229,0.42335156102569244,1,2682.468902544828,2682468902544828,5,1,2682468902544828,1,52,76,2
578.662785395861,578662785395861,0.061164117136225236,1,9460.821352281737,9460821352281737,5,2,9460821352281737,3,52,77,4
51.398355701647,51398355701647,0.011467727733522311,1,4482.0,4482000000000000,5,1,4482000000000000,4,52,78,5
1402.576555866139,1402576555866139,0.47408255550148004,1,2958.506993328423,2958506993328423,5,2,2958506993328423,2,52,79,3
296.332803513143,296332803513143,0.13166923642103917,1,2250.584962500721,2250584962500721,5,1,2250584962500721,3,52,80,4
81.003435633029,81003435633029,0.013912364537691043,1,5822.406062864184,5822406062864184,6,1,5822406062864184,6,203,1,7
239.367130389114,239367130389114,0.09465011492155051,1,2528.968196050372,2528968196050372,6,1,2528968196050372,3,203,2,4
327.749116199232,327749116199232,0.07658222373715896,1,4279.702262552644,4279702262552644,6,1,4279702262552644,5,203,3,6
8.810209583326,8810209583326,0.005949670484646615,1,1480.789500201924,1480789500201924,6,1,1480789500201924,6,203,4,7
768.979068972627,768979068972627,0.32076694562547775,1,2397.313936051486,2397313936051486,6,1,2397313936051486,1,203,5,2
34.528684005105,34528684005105,0.004273129947456325,1,8080.419839714672,8080419839714672,6,1,8080419839714672,5,203,6,6
22.212402418433,22212402418433,0.0022122104209460003,1,10040.818092220352,10040818092220352,6,1,10040818092220352,6,203,7,7
259.501524015808,259501524015808,0.11441194775707467,1,2268.133084901194,2268133084901194,6,1,2268133084901194,5,203,8,6
67.003565103568,67003565103568,0.08454860689339244,1,792.485737678126,792485737678126,6,1,792485737678126,4,203,9,5
324.56960341662,324569603416620,0.1346104378547734,1,2411.177086926848,2411177086926848,6,1,2411177086926848,3,203,10,4
363.402223663601,363402223663601,0.20828677747057392,1,1744.720563046501,1744720563046501,6,1,1744720563046501,3,203,11,4
179.404351755734,179404351755734,0.10801248304651868,1,1660.959425203366,1660959425203366,6,1,1660959425203366,4,203,12,5
138.172384082893,138172384082893,0.09853844260385612,1,1402.218062633414,1402218062633414,6,4,1402218062633414,5,203,13,6
152.192087797223,152192087797223,0.057044988595956386,1,2667.930900559617,2667930900559617,6,1,2667930900559617,4,203,14,5
4601.831741141589,4601831741141589,0.08007084738901707,1,57472.0,57472000000000000,6,3,57472000000000000,5,203,15,6
678.827366794656,678827366794656,0.21269525131401457,1,3191.54923582409,3191549235824090,6,5,3191549235824090,4,203,16,5
405.196041964864,405196041964864,0.6821482187960674,1,594.0,594000000000000,6,4,594000000000000,0,203,17,1
2313.075642816622,2313075642816622,0.17020646369934808,1,13589.822575142787,13589822575142788,6,2,13589822575142788,5,203,18,6
1128.29574976908,1128295749769080,0.2350644173439172,1,4799.942766830154,4799942766830154,6,1,4799942766830154,3,203,19,4
20.196778967007,20196778967007,0.014253725524765842,1,1416.947375050481,1416947375050481,6,1,1416947375050481,6,203,20,7
79.412378068114,79412378068114,0.12222208842103251,1,649.738350031731,649738350031731,6,5,649738350031731,7,203,21,8
68.48732580279,68487325802790,0.07964201315585123,1,859.939661102832,859939661102832,6,2,859939661102832,6,203,22,7
10840.833048785982,10840833048785983,0.2812241006921607,1,38548.73398867332,38548733988673319,6,1,38548733988673319,2,203,23,3
309.807149544503,309807149544503,0.08400010405639037,1,3688.175782931476,3688175782931476,6,1,3688175782931476,5,203,24,6
854.818307800862,854818307800862,0.168513845034214,1,5072.688879820558,5072688879820558,6,1,5072688879820558,3,203,25,4
25.922009620829,25922009620829,0.0224627466385,1,1154.0,1154000000000000,6,3,1154000000000000,7,203,26,8
209.983940875015,209983940875015,0.3549559510536009,1,591.577462644952,591577462644952,6,3,591577462644952,2,203,27,3
688.950760104322,688950760104322,0.30883498109205815,1,2230.805453670283,2230805453670283,6,1,2230805453670283,2,203,28,3
63.501005842359,63501005842359,0.04316806212911458,1,1471.018218339964,1471018218339964,6,2,1471018218339964,4,203,29,5
34.077481623953,34077481623953,0.00048323863921194464,1,70518.9503875887,70518950387588703,6,2,70518950387588703,7,203,30,8
359.97795027718,359977950277180,0.10516446108009933,1,3423.0,3423000000000000,6,3,3423000000000000,5,203,31,6
46.917983530834,46917983530834,0.038092879285728465,1,1231.67333135702,1231673331357020,6,1,1231673331357020,6,203,32,7
24.915556379426,24915556379426,0.01075466270018893,1,2316.721321161314,2316721321161314,6,1,2316721321161314,5,203,33,6
339.034654932848,339034654932848,0.539289441273225,1,628.669187611778,628669187611778,6,2,628669187611778,0,203,34,1
424.160528458097,424160528458097,0.1590588074206176,1,2666.689983010122,2666689983010122,6,1,2666689983010122,3,203,35,4
772.408132857718,772408132857718,0.2879467240514673,1,2682.468902544828,2682468902544828,6,1,2682468902544828,2,203,36,3
1245.015378018104,1245015378018104,0.13159696517447023,1,9460.821352281737,9460821352281737,6,2,9460821352281737,4,203,37,5
125.740470274799,125740470274799,0.02805454490736256,1,4482.0,4482000000000000,6,1,4482000000000000,4,203,38,5
254.613607348452,254613607348452,0.08606151951731669,1,2958.506993328423,2958506993328423,6,2,2958506993328423,5,203,39,6
259.203901170251,259203901170251,0.11517179110724995,1,2250.584962500721,2250584962500721,6,1,2250584962500721,3,203,40,4
610.764231431383,610764231431383,0.10489894123443069,1,5822.406062864184,5822406062864184,6,1,5822406062864184,5,203,41,6
164.593611332523,164593611332523,0.06508330614421243,1,2528.968196050372,2528968196050372,6,1,2528968196050372,4,203,42,5
131.165560805355,131165560805355,0.03064829110965323,1,4279.702262552644,4279702262552644,6,1,4279702262552644,6,203,43,7
6.094858787477,6094858787477,0.004115952190804899,1,1480.789500201924,1480789500201924,6,1,1480789500201924,6,203,44,7
488.797709230532,488797709230532,0.20389390887853842,1,2397.313936051486,2397313936051486,6,1,2397313936051486,2,203,45,3
2163.845471954195,2163845471954195,0.26778874302038774,1,8080.419839714672,8080419839714672,6,1,8080419839714672,2,203,46,3
146.549196067897,146549196067897,0.014595344196250666,1,10040.818092220352,10040818092220352,6,1,10040818092220352,5,203,47,6
1129.510975410173,1129510975410173,0.49799149041528906,1,2268.133084901194,2268133084901194,6,1,2268133084901194,1,203,48,2
69.06624986978,69066249869780,0.08715141053785345,1,792.485737678126,792485737678126,6,1,792485737678126,3,203,49,4
193.67181958667,193671819586670,0.08032251991640868,1,2411.177086926848,2411177086926848,6,1,2411177086926848,3,203,50,4
509.912463637056,509912463637056,0.2922602475359635,1,1744.720563046501,1744720563046501,6,1,1744720563046501,2,203,51,3
12.050493406763,12050493406763,0.0072551401460559765,1,1660.959425203366,1660959425203366,6,1,1660959425203366,6,203,52,7
323.030784298059,323030784298059,0.23037129024810593,1,1402.218062633414,1402218062633414,6,4,1402218062633414,3,203,53,4
375.328162973166,375328162973166,0.14068136580840168,1,2667.930900559617,2667930900559617,6,1,2667930900559617,4,203,54,5
8113.745657374891,8113745657374891,0.1411773673680208,1,57472.0,57472000000000000,6,3,57472000000000000,4,203,55,5
37.376209289068,37376209289068,0.01171099253915069,1,3191.54923582409,3191549235824090,6,5,3191549235824090,10,203,56,11
56.807123188301,56807123188301,0.09563488752239226,1,594.0,594000000000000,6,4,594000000000000,4,203,57,5
980.763949946468,980763949946468,0.07216900327605368,1,13589.822575142787,13589822575142788,6,2,13589822575142788,5,203,58,6
249.088257324433,249088257324433,0.051894005704765725,1,4799.942766830154,4799942766830154,6,1,4799942766830154,6,203,59,7
52.041960475787,52041960475787,0.03672822392146562,1,1416.947375050481,1416947375050481,6,1,1416947375050481,5,203,60,6
168.51933356358,168519333563580,0.2593649175169514,1,649.738350031731,649738350031731,6,5,649738350031731,2,203,61,3
63.319447043934,63319447043934,0.0736324301669373,1,859.939661102832,859939661102832,6,2,859939661102832,5,203,62,6
10008.557243291309,10008557243291309,0.2596338765945491,1,38548.73398867332,38548733988673319,6,1,38548733988673319,2,203,63,3
601.596468421221,601596468421221,0.16311491204008002,1,3688.175782931476,3688175782931476,6,1,3688175782931476,3,203,64,4
233.152008530423,233152008530423,0.04596221334565083,1,5072.688879820558,5072688879820558,6,1,5072688879820558,5,203,65,6
102.486276896189,102486276896189,0.08880959869687088,1,1154.0,1154000000000000,6,3,1154000000000000,5,203,66,6
77.632843489617,77632843489617,0.13123022493541142,1,591.577462644952,591577462644952,6,3,591577462644952,4,203,67,5
8.191233807147,8191233807147,0.0036718727729799063,1,2230.805453670283,2230805453670283,6,1,2230805453670283,6,203,68,7
43.531666328091,43531666328091,0.029592880486018894,1,1471.018218339964,1471018218339964,6,2,1471018218339964,5,203,69,6
317.455777993578,317455777993578,0.004501708778261255,1,70518.9503875887,70518950387588703,6,2,70518950387588703,6,203,70,7
14.350119829708,14350119829708,0.004192264046073035,1,3423.0,3423000000000000,6,3,3423000000000000,7,203,71,8
392.149063835855,392149063835855,0.31838723292303256,1,1231.67333135702,1231673331357020,6,1,1231673331357020,3,203,72,4
74.087297312992,74087297312992,0.03197937388336976,1,2316.721321161314,2316721321161314,6,1,2316721321161314,5,203,73,6
124.108037508464,124108037508464,0.19741390218269203,1,628.669187611778,628669187611778,6,2,628669187611778,3,203,74,4
258.257032981532,258257032981532,0.09684554058661708,1,2666.689983010122,2666689983010122,6,1,2666689983010122,3,203,75,4
709.484703126739,709484703126739,0.26448944196656254,1,2682.468902544828,2682468902544828,6,1,2682468902544828,2,203,76,3
1088.015301833268,1088015301833268,0.11500220343668821,1,9460.821352281737,9460821352281737,6,2,9460821352281737,2,203,77,3
624.138443702402,624138443702402,0.1392544497327983,1,4482.0,4482000000000000,6,1,4482000000000000,3,203,78,4
49.030250982875,49030250982875,0.016572633119827197,1,2958.506993328423,2958506993328423,6,2,2958506993328423,6,203,79,7
174.267051376662,174267051376662,0.07743189183270222,1,2250.584962500721,2250584962500721,6,1,2250584962500721,4,203,80,5
590.004671148977,590004671148977,0.10133348048534067,1,5822.406062864184,5822406062864184,7,1,5822406062864184,5,877,1,6
175.464017073,175464017073000,0.06938166219212712,1,2528.968196050372,2528968196050372,7,1,2528968196050372,6,877,2,7
62.643924385876,62643924385876,0.014637449182857828,1,4279.702262552644,4279702262552644,7,1,4279702262552644,6,877,3,7
13.050789385291,13050789385291,0.008813399462591654,1,1480.789500201924,1480789500201924,7,1,1480789500201924,6,877,4,7
27.476557934241,27476557934241,0.011461393320683095,1,2397.313936051486,2397313936051486,7,1,2397313936051486,6,877,5,7
202.553555184692,202553555184692,0.025067206803928196,1,8080.419839714672,8080419839714672,7,1,8080419839714672,6,877,6,7
1505.192323207674,1505192323207674,0.14990733916132792,1,10040.818092220352,10040818092220352,7,1,10040818092220352,4,877,7,5
776.764098076525,776764098076525,0.3424684835503658,1,2268.133084901194,2268133084901194,7,1,2268133084901194,2,877,8,3
102.03859274904,102038592749040,0.12875763928319897,1,792.485737678126,792485737678126,7,1,792485737678126,5,877,9,6
379.40312302704,379403123027040,0.1573518283182618,1,2411.177086926848,2411177086926848,7,1,2411177086926848,4,877,10,5
359.091185018579,359091185018579,0.20581587253809902,1,1744.720563046501,1744720563046501,7,1,1744720563046501,3,877,11,4
109.393315070108,109393315070108,0.0658615216062331,1,1660.959425203366,1660959425203366,7,1,1660959425203366,6,877,12,7
129.403267759735,129403267759735,0.09228469608836103,1,1402.218062633414,1402218062633414,7,4,1402218062633414,5,877,13,6
170.312967799829,170312967799829,0.06383709854108466,1,2667.930900559617,2667930900559617,7,1,2667930900559617,5,877,14,6
5370.600525494302,5370600525494302,0.09344725301876221,1,57472.0,57472000000000000,7,3,57472000000000000,4,877,15,5
874.115684015923,874115684015923,0.2738844427666232,1,3191.54923582409,3191549235824090,7,5,3191549235824090,3,877,16,4
162.6119608346,162611960834600,0.2737575098225589,1,594.0,594000000000000,7,4,594000000000000,3,877,17,4
3419.480376065073,3419480376065073,0.2516206784273741,1,13589.822575142787,13589822575142788,7,2,13589822575142788,2,877,18,3
517.246423797761,517246423797761,0.10776095652060173,1,4799.942766830154,4799942766830154,7,1,4799942766830154,5,877,19,6
58.275183657765,58275183657765,0.04112727450847556,1,1416.947375050481,1416947375050481,7,1,1416947375050481,7,877,20,8
132.087160676159,132087160676159,0.20329284960585797,1,649.738350031731,649738350031731,7,5,649738350031731,3,877,21,4
54.487060534294,54487060534294,0.06336149267079613,1,859.939661102832,859939661102832,7,2,859939661102832,8,877,22,9
4797.311081143237,4797311081143237,0.12444795418061769,1,38548.73398867332,38548733988673319,7,1,38548733988673319,3,877,23,4
436.906003224259,436906003224259,0.11846127433681933,1,3688.175782931476,3688175782931476,7,1,3688175782931476,4,877,24,5
1072.65425041238,1072654250412380,0.2114567393792785,1,5072.688879820558,5072688879820558,7,1,5072688879820558,3,877,25,4
129.759664249145,129759664249145,0.1124433832314948,1,1154.0,1154000000000000,7,3,1154000000000000,7,877,26,8
48.590054823621,48590054823621,0.08213641981284094,1,591.577462644952,591577462644952,7,3,591577462644952,5,877,27,6
763.249405515956,763249405515956,0.3421407296006932,1,2230.805453670283,2230805453670283,7,1,2230805453670283,1,877,28,2
324.301438205638,324301438205638,0.2204605178660604,1,1471.018218339964,1471018218339964,7,2,1471018218339964,3,877,29,4
7771.053475619874,7771053475619874,0.11019808764748114,1,70518.9503875887,70518950387588703,7,2,70518950387588703,3,877,30,4
582.336277602896,582336277602896,0.17012453333417937,1,3423.0,3423000000000000,7,3,3423000000000000,4,877,31,5
87.253849396576,87253849396576,0.07084171360635241,1,1231.67333135702,1231673331357020,7,1,1231673331357020,6,877,32,7
390.763086832885,390763086832885,0.1686707344830777,1,2316.721321161314,2316721321161314,7,1,2316721321161314,3,877,33,4
37.236614278601,37236614278601,0.05923085624739688,1,628.669187611778,628669187611778,7,2,628669187611778,7,877,34,8
654.20871187849,654208711878490,0.24532612191388983,1,2666.689983010122,2666689983010122,7,1,2666689983010122,2,877,35,3
170.181762358524,170181762358524,0.06344221258150448,1,2682.468902544828,2682468902544828,7,1,2682468902544828,5,877,36,6
123.269681482172,123269681482172,0.013029490452479808,1,9460.821352281737,9460821352281737,7,2,9460821352281737,6,877,37,7
188.210724486416,188210724486416,0.04199257574440339,1,4482.0,4482000000000000,7,1,4482000000000000,6,877,38,7
284.129978882757,284129978882757,0.09603829888639233,1,2958.506993328423,2958506993328423,7,2,2958506993328423,5,877,39,6
694.272893613172,694272893613172,0.30848552939842616,1,2250.584962500721,2250584962500721,7,1,2250584962500721,2,877,40,3
50.845176079425,50845176079425,0.008732674349822488,1,5822.406062864184,5822406062864184,7,1,5822406062864184,7,877,41,8
232.187329689662,232187329689662,0.09181109120007189,1,2528.968196050372,2528968196050372,7,1,2528968196050372,4,877,42,5
123.606052920657,123606052920657,0.028881928072943028,1,4279.702262552644,4279702262552644,7,1,4279702262552644,6,877,43,7
284.387097605776,284387097605776,0.19205099547707238,1,1480.789500201924,1480789500201924,7,1,1480789500201924,2,877,44,3
63.377351642716,63377351642716,0.026436817760756917,1,2397.313936051486,2397313936051486,7,1,2397313936051486,6,877,45,7
2739.782371522593,2739782371522593,0.3390643587671971,1,8080.419839714672,8080419839714672,7,1,8080419839714672,1,877,46,2
2160.511431731716,2160511431731716,0.21517284865519923,1,10040.818092220352,10040818092220352,7,1,10040818092220352,2,877,47,3
687.511096162919,687511096162919,0.3031176171890587,1,2268.133084901194,2268133084901194,7,1,2268133084901194,3,877,48,4
231.402758002028,231402758002028,0.29199611677556014,1,792.485737678126,792485737678126,7,1,792485737678126,2,877,49,3
123.374971127535,123374971127535,0.051167942743177715,1,2411.177086926848,2411177086926848,7,1,2411177086926848,5,877,50,6
180.037565810533,180037565810533,0.1031899145477857,1,1744.720563046501,1744720563046501,7,1,1744720563046501,5,877,51,6
165.002332217772,165002332217772,0.09934157915842484,1,1660.959425203366,1660959425203366,7,1,1660959425203366,5,877,52,6
74.201764355744,74201764355744,0.05291742157164237,1,1402.218062633414,1402218062633414,7,4,1402218062633414,7,877,53,8
39.98217043205,39982170432050,0.01498620913445077,1,2667.930900559617,2667930900559617,7,1,2667930900559617,6,877,54,7
20406.860254957137,20406860254957137,0.35507482347851366,1,57472.0,57472000000000000,7,3,57472000000000000,1,877,55,2
606.211390357169,606211390357169,0.18994267221468672,1,3191.54923582409,3191549235824090,7,5,3191549235824090,4,877,56,5
107.193426156523,107193426156523,0.18046031339481985,1,594.0,594000000000000,7,4,594000000000000,5,877,57,6
233.38645065045,233386450650450,0.017173620138156792,1,13589.822575142787,13589822575142788,7,2,13589822575142788,6,877,58,7
23.713176970763,23713176970763,0.004940304108338984,1,4799.942766830154,4799942766830154,7,1,4799942766830154,7,877,59,8
36.119728807844,36119728807844,0.025491228145686905,1,1416.947375050481,1416947375050481,7,1,1416947375050481,5,877,60,6
66.722137426699,66722137426699,0.10269077917817306,1,649.738350031731,649738350031731,7,5,649738350031731,8,877,61,9
100.087871440215,100087871440215,0.11638941191740945,1,859.939661102832,859939661102832,7,2,859939661102832,6,877,62,7
541.221703121044,541221703121044,0.014039934574247494,1,38548.73398867332,38548733988673319,7,1,38548733988673319,5,877,63,6
888.332903832232,888332903832232,0.2408596976161905,1,3688.175782931476,3688175782931476,7,1,3688175782931476,3,877,64,4
650.106836676224,650106836676224,0.1281582316751941,1,5072.688879820558,5072688879820558,7,1,5072688879820558,4,877,65,5
87.463158825765,87463158825765,0.07579129880915511,1,1154.0,1154000000000000,7,3,1154000000000000,7,877,66,8
98.7542991799,98754299179900,0.16693384284514154,1,591.577462644952,591577462644952,7,3,591577462644952,3,877,67,4
96.980171499876,96980171499876,0.04347316407189035,1,2230.805453670283,2230805453670283,7,1,2230805453670283,7,877,68,8
205.34279304824,205342793048240,0.13959228409826782,1,1471.018218339964,1471018218339964,7,2,1471018218339964,5,877,69,6
6024.48661443444,6024486614434440,0.08543074707326821,1,70518.9503875887,70518950387588703,7,2,70518950387588703,5,877,70,6
513.820966234657,513820966234657,0.15010837459382326,1,3423.0,3423000000000000,7,3,3423000000000000,5,877,71,6
308.265448930104,308265448930104,0.250281824800466,1,1231.67333135702,1231673331357020,7,1,1231673331357020,3,877,72,4
581.881050052317,581881050052317,0.2511657508122879,1,2316.721321161314,2316721321161314,7,1,2316721321161314,2,877,73,3
24.573673311371,24573673311371,0.03908840101536196,1,628.669187611778,628669187611778,7,2,628669187611778,7,877,74,8
266.327048799445,266327048799445,0.09987177005810731,1,2666.689983010122,2666689983010122,7,1,2666689983010122,3,877,75,4
1184.996756314411,1184996756314411,0.4417560088731012,1,2682.468902544828,2682468902544828,7,1,2682468902544828,1,877,76,2
803.874302927045,803874302927045,0.08496876465521343,1,9460.821352281737,9460821352281737,7,2,9460821352281737,2,877,77,3
1915.763191559149,1915763191559149,0.4274348932528222,1,4482.0,4482000000000000,7,1,4482000000000000,1,877,78,2
7.782085168689,7782085168689,0.002630409590458289,1,2958.506993328423,2958506993328423,7,2,2958506993328423,6,877,79,7
48.932161093317,48932161093317,0.021741974601548208,1,2250.584962500721,2250584962500721,7,1,2250584962500721,5,877,80,6
