acquirable_mass,actor,best_rank_bound,budget,history_id,maximum_score,minimum_score,original_rank,original_score,removable_mass,score_span_fraction,worst_rank_bound
0.0,A002,1,0,public-001,5822.406062864184,5822.406062864184,1,5822.406062864184,0.0,0.0,1
1284.0,A002,1,1,public-001,7106.406062864184,3856.406062864184,1,5822.406062864184,1966.0,0.377219548369806,2
1843.2541501125,A002,1,2,public-001,7665.660212976684,2836.406062864184,1,5822.406062864184,2986.0,0.5605197136825995,2
2324.057175246635,A002,1,3,public-001,8146.463238110819,2054.406062864184,1,5822.406062864184,3768.0,0.707090171166022,2
2686.001537758895,A002,1,5,public-001,8508.407600623079,745.894750100962,1,5822.406062864184,5076.511312763222,0.9009758743657748,2
0.0,A001,1,0,public-002,2528.968196050372,2528.968196050372,1,2528.968196050372,0.0,0.0,1
93.058650025962,A001,1,1,public-002,2622.026846076334,798.968196050372,1,2528.968196050372,1730.0,0.6681934228006496,2
142.887571449272,A001,1,2,public-002,2671.855767499644,363.795615620128,1,2528.968196050372,2165.172580430244,0.8459577605428099,2
176.106852398146,A001,1,3,public-002,2705.075048448518,234.795615620128,1,2528.968196050372,2294.172580430244,0.9054149022973798,2
199.371514904636,A001,1,5,public-002,2728.339710955008,88.75651560282,1,2528.968196050372,2440.211680447552,0.9674686714244422,2
0.0,A001,1,0,public-003,4279.702262552644,4279.702262552644,1,4279.702262552644,0.0,0.0,1
2055.045188073319,A001,1,1,public-003,6334.747450625963,2105.702262552644,1,4279.702262552644,2174.0,0.5059800430728079,2
3846.42420107308,A001,1,2,public-003,8126.126463625724,1292.702262552644,1,4279.702262552644,2987.0,0.8175784646011166,2
3874.42420107308,A001,1,3,public-003,8154.126463625724,482.702262552644,1,4279.702262552644,3797.0,0.9178401684227742,2
3930.42420107308,A001,1,5,public-003,8210.126463625724,174.0,1,4279.702262552644,4105.702262552644,0.9614746197725851,2
0.0,A001,1,0,public-004,1480.789500201924,1480.789500201924,1,1480.789500201924,0.0,0.0,1
6.0,A001,1,1,public-004,1486.789500201924,971.551887559856,1,1480.789500201924,509.237612642068,0.3453429121048898,1
11.169925001442,A001,1,2,public-004,1491.959425203366,746.551887559856,1,1480.789500201924,734.237612642068,0.4996164942903223,1
11.169925001442,A001,1,3,public-004,1491.959425203366,586.551887559856,1,1480.789500201924,894.237612642068,0.6068580166113403,2
11.169925001442,A001,1,5,public-004,1491.959425203366,338.551887559856,1,1480.789500201924,1142.237612642068,0.7730823762089183,2
0.0,A001,1,0,public-005,2397.313936051486,2397.313936051486,1,2397.313936051486,0.0,0.0,1
28.0,A001,1,1,public-005,2425.313936051486,1503.715278526786,1,2397.313936051486,893.5986575247,0.3787803487525879,1
35.754887502163,A001,1,2,public-005,2433.068823553649,716.418320038481,1,2397.313936051486,1680.895616013005,0.705549504764067,2
35.754887502163,A001,1,3,public-005,2433.068823553649,499.281469977904,1,2397.313936051486,1898.032466073582,0.7947935277684943,2
35.754887502163,A001,1,5,public-005,2433.068823553649,255.150849518198,1,2397.313936051486,2142.163086533288,0.8951320870794217,2
0.0,A001,1,0,public-006,8080.419839714672,8080.419839714672,1,8080.419839714672,0.0,0.0,1
2.0,A001,1,1,public-006,8082.419839714672,3548.980575950485,1,8080.419839714672,4531.439263764187,0.560901234242767,2
2.0,A001,1,2,public-006,8082.419839714672,2664.92340070385,1,8080.419839714672,5415.496439010822,0.6702814932219695,2
2.0,A001,1,3,public-006,8082.419839714672,2122.081275552407,1,8080.419839714672,5958.338564162265,0.7374448101390237,2
2.0,A001,1,5,public-006,8082.419839714672,1323.32786282957,1,8080.419839714672,6757.091976885102,0.8362708336026892,2
0.0,A008,1,0,public-007,10040.818092220352,10040.818092220352,1,10040.818092220352,0.0,0.0,1
23.26466250649,A008,1,1,public-007,10064.082754726842,6459.779605931776,1,10040.818092220352,3581.038486288576,0.3574925309113143,1
36.189475010096,A008,1,2,public-007,10077.007567230448,3586.311803854208,1,10040.818092220352,6454.506288366144,0.6437791606403663,2
41.359400011538,A008,1,3,public-007,10082.17749223189,1956.311803854208,1,10040.818092220352,8084.506288366144,0.8059633640290993,2
41.359400011538,A008,1,5,public-007,10082.17749223189,327.746337950023,1,10040.818092220352,9713.07175427033,0.9674925046496607,2
0.0,A008,1,0,public-008,2268.133084901194,2268.133084901194,1,2268.133084901194,0.0,0.0,1
520.0,A008,1,1,public-008,2788.133084901194,1278.19851262476,1,2268.133084901194,989.934572276434,0.4706153361150613,2
699.384117123918,A008,1,2,public-008,2967.517202025112,597.19851262476,1,2268.133084901194,1670.934572276434,0.7387792472558438,2
777.384117123918,A008,1,3,public-008,3045.517202025112,150.0,1,2268.133084901194,2118.133084901194,0.9024727470168262,2
886.293110345593,A008,1,5,public-008,3154.426195246787,0.0,1,2268.133084901194,2268.133084901194,0.9831693183156278,2
0.0,A001,1,0,public-009,792.485737678126,792.485737678126,1,792.485737678126,0.0,0.0,1
10.339850002885,A001,1,1,public-009,802.825587681011,590.858662621876,1,792.485737678126,201.62707505625,0.2640261201332766,1
10.339850002885,A001,1,2,public-009,802.825587681011,428.006025076443,1,792.485737678126,364.479712601683,0.466875456333233,1
10.339850002885,A001,1,3,public-009,802.825587681011,314.267675044712,1,792.485737678126,478.218062633414,0.6085480085998692,2
10.339850002885,A001,1,5,public-009,802.825587681011,124.039100017308,1,792.485737678126,668.446637660818,0.8454968278034097,2
0.0,A010,1,0,public-010,2411.177086926848,2411.177086926848,1,2411.177086926848,0.0,0.0,1
2.0,A010,1,1,public-010,2413.177086926848,743.555631065618,1,2411.177086926848,1667.62145586123,0.6918768891459486,2
2.0,A010,1,2,public-010,2413.177086926848,499.884916053931,1,2411.177086926848,1911.292170872917,0.7928519548929878,2
2.0,A010,1,3,public-010,2413.177086926848,320.939234717224,1,2411.177086926848,2090.237852209624,0.8670055188009694,2
2.0,A010,1,5,public-010,2413.177086926848,92.497939393768,1,2411.177086926848,2318.67914753308,0.9616696429388185,2
0.0,A001,1,0,public-011,1744.720563046501,1744.720563046501,1,1744.720563046501,0.0,0.0,1
129.555195700607,A001,1,1,public-011,1874.275758747108,645.162363638784,1,1744.720563046501,1099.558199407717,0.6287956665616151,2
181.555195700607,A001,1,2,public-011,1926.275758747108,249.852920347188,1,1744.720563046501,1494.867642699313,0.8576323554084205,2
209.98978320854,A001,1,3,public-011,1954.710346255041,80.434587507933,1,1744.720563046501,1664.285975538568,0.9588508918152325,2
209.98978320854,A001,1,5,public-011,1954.710346255041,0.0,1,1744.720563046501,1744.720563046501,1.0,2
0.0,A001,1,0,public-012,1660.959425203366,1660.959425203366,1,1660.959425203366,0.0,0.0,1
195.0,A001,1,1,public-012,1855.959425203366,932.0,1,1660.959425203366,728.959425203366,0.49043488561523996,2
223.0,A001,1,2,public-012,1883.959425203366,233.0,1,1660.959425203366,1427.959425203366,0.8763243003628656,2
223.0,A001,1,3,public-012,1883.959425203366,127.0,1,1660.959425203366,1533.959425203366,0.9325887817428494,2
223.0,A001,1,5,public-012,1883.959425203366,10.0,1,1660.959425203366,1650.959425203366,0.994692030058492,2
0.0,A020,1,0,public-013,1402.218062633414,1402.218062633414,1,1402.218062633414,0.0,0.0,1
1124.0,A020,1,1,public-013,2526.218062633414,924.0,1,1402.218062633414,478.218062633414,0.6156722480453684,5
1168.0,A020,1,2,public-013,2570.218062633414,480.0,1,1402.218062633414,922.218062633414,0.8031923266496014,5
1183.0,A020,1,3,public-013,2585.218062633414,117.0,1,1402.218062633414,1285.218062633414,0.9484435350766507,5
1200.169925001442,A020,1,5,public-013,2602.387987634856,24.0,1,1402.218062633414,1378.218062633414,0.9907777010522508,5
0.0,A021,1,0,public-014,2667.930900559617,2667.930900559617,1,2667.930900559617,0.0,0.0,1
7.754887502163,A021,1,1,public-014,2675.68578806178,1279.806037672356,1,2667.930900559617,1388.124862887261,0.521690460298993,2
7.754887502163,A021,1,2,public-014,2675.68578806178,917.911287571394,1,2667.930900559617,1750.019612988223,0.6569435425987321,2
7.754887502163,A021,1,3,public-014,2675.68578806178,593.911287571394,1,2667.930900559617,2074.019612988223,0.7780339940432195,2
7.754887502163,A021,1,5,public-014,2675.68578806178,263.911287571394,1,2667.930900559617,2404.019612988223,0.9013668612551974,2
0.0,A025,1,0,public-015,57472.0,57472.0,1,57472.0,0.0,0.0,1
3714.591113536301,A025,1,1,public-015,61186.5911135363,28828.0,1,57472.0,28644.0,0.5033534349494858,2
4960.591113536301,A025,1,2,public-015,62432.5911135363,11910.0,1,57472.0,45562.0,0.7859031838042121,4
5918.591113536301,A025,1,3,public-015,63390.5911135363,6760.0,1,57472.0,50712.0,0.8809160590522119,4
6812.024226264907,A025,1,5,public-015,64284.024226264904,408.0,1,57472.0,57064.0,0.9936222529712377,4
0.0,A028,1,0,public-016,3191.54923582409,3191.54923582409,1,3191.54923582409,0.0,0.0,1
1431.565450693659,A028,1,1,public-016,4623.114686517749,2201.636956089113,1,3191.54923582409,989.912279734977,0.43615070512139836,2
1751.383264146498,A028,1,2,public-016,4942.932499970588,1258.125643325891,1,3191.54923582409,1933.423592498199,0.6636984881447838,6
1951.383264146498,A028,1,3,public-016,5142.932499970588,683.215050095193,1,3191.54923582409,2508.334185728897,0.8032735077274678,6
2146.438637620823,A028,1,5,public-016,5337.987873444913,100.813537528125,1,3191.54923582409,3090.735698295965,0.9433071594052872,6
0.0,A031,1,0,public-017,594.0,594.0,1,594.0,0.0,0.0,1
180.0,A031,1,1,public-017,774.0,39.0,1,594.0,555.0,0.8546511627906976,5
208.0,A031,1,2,public-017,802.0,0.0,1,594.0,594.0,0.9325581395348838,5
226.0,A031,1,3,public-017,820.0,0.0,1,594.0,594.0,0.9534883720930233,5
247.0,A031,1,5,public-017,841.0,0.0,1,594.0,594.0,0.977906976744186,5
0.0,A024,1,0,public-018,13589.822575142787,13589.822575142787,1,13589.822575142787,0.0,0.0,1
2524.0,A024,1,1,public-018,16113.822575142787,1387.822575142788,1,13589.822575142787,12202.0,0.8693125287869712,3
3008.0,A024,1,2,public-018,16597.82257514279,517.822575142788,1,13589.822575142787,13072.0,0.9492425276989337,3
3276.0,A024,1,3,public-018,16865.82257514279,29.26466250649,1,13589.822575142787,13560.557912636297,0.9939040292748982,3
3350.0,A024,1,5,public-018,16939.82257514279,4.0,1,13589.822575142787,13585.822575142787,0.9997638700179854,3
0.0,A024,1,0,public-019,4799.942766830154,4799.942766830154,1,4799.942766830154,0.0,0.0,1
819.0,A024,1,1,public-019,5618.942766830154,2813.942766830154,1,4799.942766830154,1986.0,0.3818548200207346,2
1482.0,A024,1,2,public-019,6281.942766830154,1865.91139123781,1,4799.942766830154,2934.031375592344,0.6011703622576584,2
2114.020917061562,A024,1,3,public-019,6913.963683891716,1370.91139123781,1,4799.942766830154,3429.031375592344,0.7545958059097604,2
2402.93680000904,A024,1,5,public-019,7202.879566839194,687.18656613829,1,4799.942766830154,4112.756200691864,0.8870049119761155,2
0.0,A024,1,0,public-020,1416.947375050481,1416.947375050481,1,1416.947375050481,0.0,0.0,1
246.0,A024,1,1,public-020,1662.947375050481,489.947375050481,1,1416.947375050481,927.0,0.697781448328382,2
264.094737505048,A024,1,2,public-020,1681.042112555529,297.947375050481,1,1416.947375050481,1119.0,0.8227603146731762,2
264.094737505048,A024,1,3,public-020,1681.042112555529,122.169925001442,1,1416.947375050481,1294.777450049039,0.9273248872892788,2
264.094737505048,A024,1,5,public-020,1681.042112555529,26.169925001442,1,1416.947375050481,1390.777450049039,0.984432320400553,2
0.0,A035,1,0,public-021,649.738350031731,649.738350031731,1,649.738350031731,0.0,0.0,1
128.0,A035,1,1,public-021,777.738350031731,199.738350031731,1,649.738350031731,450.0,0.529667259990056,6
223.643612526683,A035,1,2,public-021,873.381962558414,86.0,1,649.738350031731,563.738350031731,0.7215405651797716,6
313.643612526683,A035,1,3,public-021,963.381962558414,26.0,1,649.738350031731,623.738350031731,0.8589974665612741,6
420.4180500375,A035,1,5,public-021,1070.156400069231,0.0,1,649.738350031731,649.738350031731,0.9806692183139996,6
0.0,A040,1,0,public-022,859.939661102832,859.939661102832,1,859.939661102832,0.0,0.0,1
252.0,A040,1,1,public-022,1111.939661102832,16.169925001442,1,859.939661102832,843.76973610139,0.6095711067584407,3
466.551887559856,A040,1,2,public-022,1326.491548662688,7.169925001442,1,859.939661102832,852.76973610139,0.7339318798553818,3
672.511429442872,A040,1,3,public-022,1532.451090545704,2.0,1,859.939661102832,857.939661102832,0.851382123787078,3
825.02421698542,A040,1,5,public-022,1684.963878088252,0.0,1,859.939661102832,859.939661102832,0.9373367982114206,3
0.0,A024,1,0,public-023,38548.73398867332,38548.73398867332,1,38548.73398867332,0.0,0.0,1
6.643856189775,A024,1,1,public-023,38555.37784486309,34198.73398867332,1,38548.73398867332,4350.0,0.11298731237937593,1
9.965784284662,A024,1,2,public-023,38558.69977295798,31426.73398867332,1,38548.73398867332,7122.0,0.18496385579076133,1
9.965784284662,A024,1,3,public-023,38558.69977295798,28664.73398867332,1,38548.73398867332,9884.0,0.25659490186501327,1
9.965784284662,A024,1,5,public-023,38558.69977295798,23853.73398867332,1,38548.73398867332,14695.0,0.38136570659463886,1
0.0,A043,1,0,public-024,3688.175782931476,3688.175782931476,1,3688.175782931476,0.0,0.0,1
795.861675160097,A043,1,1,public-024,4484.037458091573,2096.452432611283,1,3688.175782931476,1591.723350320193,0.39408275423412215,2
1395.861675160097,A043,1,2,public-024,5084.037458091573,1347.195269960561,1,3688.175782931476,2340.980512970915,0.6167843431421662,2
1889.861675160097,A043,1,3,public-024,5578.037458091573,830.960669856715,1,3688.175782931476,2857.215113074761,0.7835285760732824,2
2327.227100248078,A043,1,5,public-024,6015.402883179554,382.840357266571,1,3688.175782931476,3305.335425664905,0.9296823903312826,2
0.0,A043,1,0,public-025,5072.688879820558,5072.688879820558,1,5072.688879820558,0.0,0.0,1
2140.22261293053,A043,1,1,public-025,7212.911492751088,3732.499947256281,1,5072.688879820558,1340.188932564277,0.406487364595695,2
3066.22261293053,A043,1,2,public-025,8138.911492751088,2940.570123468299,1,5072.688879820558,2132.118756352259,0.6071293741694922,2
3403.209087998319,A043,1,3,public-025,8475.897967818877,2230.74754832551,1,5072.688879820558,2841.941331495048,0.729389240996398,2
3489.475282296837,A043,1,5,public-025,8562.164162117395,1221.785110583923,1,5072.688879820558,3850.903769236635,0.8573041712993996,2
0.0,A043,1,0,public-026,1154.0,1154.0,1,1154.0,0.0,0.0,1
329.816550066346,A043,1,1,public-026,1483.816550066346,0.0,1,1154.0,1154.0,0.6950910148544681,4
480.384975096635,A043,1,2,public-026,1634.384975096635,0.0,1,1154.0,1154.0,0.7656245045602292,4
618.384975096635,A043,1,3,public-026,1772.384975096635,0.0,1,1154.0,1154.0,0.8302703396842731,4
812.424075113943,A043,1,5,public-026,1966.424075113943,0.0,1,1154.0,1154.0,0.9211675836504815,4
0.0,A043,1,0,public-027,591.577462644952,591.577462644952,1,591.577462644952,0.0,0.0,1
157.738350031731,A043,1,1,public-027,749.315812676683,258.117300051923,1,591.577462644952,333.460162593029,0.5761691518015832,4
193.587975038943,A043,1,2,public-027,785.165437683895,0.0,1,591.577462644952,591.577462644952,0.9209883430568127,4
225.852637545433,A043,1,3,public-027,817.430100190385,0.0,1,591.577462644952,591.577462644952,0.9588343518531178,4
257.36241254976,A043,1,5,public-027,848.939875194712,0.0,1,591.577462644952,591.577462644952,0.9957948879115218,4
0.0,A047,1,0,public-028,2230.805453670283,2230.805453670283,1,2230.805453670283,0.0,0.0,1
114.0,A047,1,1,public-028,2344.805453670283,1318.805453670283,1,2230.805453670283,912.0,0.3606329090903393,2
210.335914751734,A047,1,2,public-028,2441.141368422017,906.88636990425,1,2230.805453670283,1323.919083766033,0.5392815237834858,2
300.335914751734,A047,1,3,public-028,2531.141368422017,494.967286138217,1,2230.805453670283,1735.838167532066,0.7157031020549305,2
436.534966642116,A047,1,5,public-028,2667.340420312399,0.0,1,2230.805453670283,2230.805453670283,0.9375543229157005,2
0.0,A050,1,0,public-029,1471.018218339964,1471.018218339964,1,1471.018218339964,0.0,0.0,1
300.781038842551,A050,1,1,public-029,1771.799257182515,286.930837580049,1,1471.018218339964,1184.087380759915,0.7123508839103565,3
456.882590646913,A050,1,2,public-029,1927.900808986877,43.94436251226,1,1471.018218339964,1427.073855827704,0.9038094030271737,3
542.186353170711,A050,1,3,public-029,2013.204571510675,0.0,1,1471.018218339964,1471.018218339964,0.9658149079579349,3
598.214462238287,A050,1,5,public-029,2069.232680578251,0.0,1,1471.018218339964,1471.018218339964,0.9926938370880991,3
0.0,A024,1,0,public-030,70518.9503875887,70518.9503875887,1,70518.9503875887,0.0,0.0,1
792.0,A024,1,1,public-030,71310.9503875887,47598.9503875887,1,70518.9503875887,22920.0,0.3313069832143263,1
879.0,A024,1,2,public-030,71397.9503875887,32116.950387588702,1,70518.9503875887,38402.0,0.548838967933618,3
963.0,A024,1,3,public-030,71481.9503875887,17790.950387588702,1,70518.9503875887,52728.0,0.7501772619669531,3
1043.133837522355,A024,1,5,public-030,71562.08422511106,5770.950387588703,1,70518.9503875887,64748.0,0.9192418216076043,3
0.0,A043,1,0,public-031,3423.0,3423.0,1,3423.0,0.0,0.0,1
770.0,A043,1,1,public-031,4193.0,2455.0,1,3423.0,968.0,0.36527952921395546,1
970.0,A043,1,2,public-031,4393.0,1591.0,1,3423.0,1832.0,0.5889029003783102,4
1126.0,A043,1,3,public-031,4549.0,741.0,1,3423.0,2682.0,0.8003362757461118,4
1300.0,A043,1,5,public-031,4723.0,76.0,1,3423.0,3347.0,0.9766708701134931,4
0.0,A043,1,0,public-032,1231.67333135702,1231.67333135702,1,1231.67333135702,0.0,0.0,1
294.0,A043,1,1,public-032,1525.67333135702,787.67333135702,1,1231.67333135702,444.0,0.42742450456042663,2
449.097750043269,A043,1,2,public-032,1680.771081400289,664.761991846188,1,1231.67333135702,566.911339510832,0.5884379156254089,2
474.947375050481,A043,1,3,public-032,1706.620706407501,541.850652335356,1,1231.67333135702,689.822679021664,0.6745952077081409,2
494.947375050481,A043,1,5,public-032,1726.620706407501,345.480521868285,1,1231.67333135702,886.192809488735,0.799909429681803,2
0.0,A043,1,0,public-033,2316.721321161314,2316.721321161314,1,2316.721321161314,0.0,0.0,1
20.0,A043,1,1,public-033,2336.721321161314,1894.10492481292,1,2316.721321161314,422.616396348394,0.18925572377670405,1
22.0,A043,1,2,public-033,2338.721321161314,1562.10492481292,1,2316.721321161314,754.616396348394,0.33206880585616666,1
22.0,A043,1,3,public-033,2338.721321161314,1230.865046593908,1,2316.721321161314,1085.856274567406,0.4737017038085109,1
22.0,A043,1,5,public-033,2338.721321161314,599.047233141069,1,2316.721321161314,1717.674088020245,0.7438569410896693,2
0.0,A039,1,0,public-034,628.669187611778,628.669187611778,1,628.669187611778,0.0,0.0,1
168.022562546875,A039,1,1,public-034,796.691750158653,540.780462587259,1,628.669187611778,87.888725024519,0.26842768107568,1
286.022562546875,A039,1,2,public-034,914.691750158653,458.061662564182,1,628.669187611778,170.607525047596,0.47896345911734495,1
306.702262552644,A039,1,3,public-034,935.371450164422,375.342862541105,1,628.669187611778,253.326325070673,0.5874190878347914,3
324.702262552644,A039,1,5,public-034,953.371450164422,240.342862541105,1,628.669187611778,388.326325070673,0.747902181778514,3
0.0,A043,1,0,public-035,2666.689983010122,2666.689983010122,1,2666.689983010122,0.0,0.0,1
109.623627131283,A043,1,1,public-035,2776.313610141405,2204.689983010122,1,2666.689983010122,462.0,0.19818359041174405,1
178.623627131283,A043,1,2,public-035,2845.313610141405,1769.689983010122,1,2666.689983010122,897.0,0.37292187068331656,1
202.623627131283,A043,1,3,public-035,2869.313610141405,1457.798245447381,1,2666.689983010122,1208.891737562741,0.48937652262606207,1
217.623627131283,A043,1,5,public-035,2884.313610141405,991.753120353631,1,2666.689983010122,1674.936862656491,0.6561562803480965,2
0.0,A039,1,0,public-036,2682.468902544828,2682.468902544828,1,2682.468902544828,0.0,0.0,1
22.844129532346,A039,1,1,public-036,2705.313032077174,1940.584664837856,1,2682.468902544828,741.884237706972,0.28170578308283756,1
28.844129532346,A039,1,2,public-036,2711.313032077174,1483.046302210211,1,2682.468902544828,1199.422600334617,0.452461103569193,1
32.166057627233,A039,1,3,public-036,2714.634960172061,1140.887708436813,1,2682.468902544828,1541.581194108015,0.5797270258523082,2
32.166057627233,A039,1,5,public-036,2714.634960172061,661.216993425126,1,2682.468902544828,2021.251909119702,0.7564250799366349,2
0.0,A043,1,0,public-037,9460.821352281737,9460.821352281737,1,9460.821352281737,0.0,0.0,1
86.0,A043,1,1,public-037,9546.821352281737,3520.577525624521,1,9460.821352281737,5940.243826657216,0.628677023192904,3
124.774437510817,A043,1,2,public-037,9585.595789792555,2119.527850233654,1,9460.821352281737,7341.293502048083,0.778884078077788,3
124.774437510817,A043,1,3,public-037,9585.595789792555,1221.527850233654,1,9460.821352281737,8239.293502048084,0.8725663091766892,3
124.774437510817,A043,1,5,public-037,9585.595789792555,513.248125036058,1,9460.821352281737,8947.573227245679,0.9464563146317309,3
0.0,A043,1,0,public-038,4482.0,4482.0,1,4482.0,0.0,0.0,1
21.0,A043,1,1,public-038,4503.0,2084.0,1,4482.0,2398.0,0.535295419340562,2
33.0,A043,1,2,public-038,4515.0,96.0,1,4482.0,4386.0,0.9778712104447886,2
37.0,A043,1,3,public-038,4519.0,52.0,1,4482.0,4430.0,0.9884930294312901,2
37.0,A043,1,5,public-038,4519.0,0.0,1,4482.0,4482.0,1.0,2
0.0,A059,1,0,public-039,2958.506993328423,2958.506993328423,1,2958.506993328423,0.0,0.0,1
1104.0,A059,1,1,public-039,4062.506993328423,172.506993328423,1,2958.506993328423,2786.0,0.7576128739914301,3
2100.0,A059,1,2,public-039,5058.506993328423,94.506993328423,1,2958.506993328423,2864.0,0.9667841404867503,3
2156.472777613085,A059,1,3,public-039,5114.979770941508,46.506993328423,1,2958.506993328423,2912.0,0.9871311639575259,3
2170.871521305023,A059,1,5,public-039,5129.378514633446,0.0,1,2958.506993328423,2958.506993328423,0.9989931100928888,3
0.0,A043,1,0,public-040,2250.584962500721,2250.584962500721,1,2250.584962500721,0.0,0.0,1
5.169925001442,A043,1,1,public-040,2255.754887502163,1422.584962500721,1,2250.584962500721,828.0,0.36935303991473367,1
5.169925001442,A043,1,2,public-040,2255.754887502163,614.584962500721,1,2250.584962500721,1636.0,0.7275479858623906,2
5.169925001442,A043,1,3,public-040,2255.754887502163,132.584962500721,1,2250.584962500721,2118.0,0.9412236838163145,2
5.169925001442,A043,1,5,public-040,2255.754887502163,10.584962500721,1,2250.584962500721,2240.0,0.9953075741697973,2
