abstention_rate,certificate_rate,histories,mass_conservation_rate,mean_kendall_tau_b,mean_normalized_l1,method,score_equality_rate,tau_b_defined_count,tau_b_unavailable_count,tau_b_undefined_count,top_change_rate,transformation
0.0,0.0,40,1.0,-0.6094252605267456,0.628125,commit_count,0.0,40,0,0,0.825,alias-ambiguous
0.0,0.0,40,0.15,-0.5009730825485267,0.6573782737613845,entity_degree,0.0,40,0,0,0.775,alias-ambiguous
0.0,0.0,40,1.0,-0.5217278515980219,0.7424297338675342,line_count,0.0,40,0,0,0.9,alias-ambiguous
1.0,0.0,40,1.0,,,rivet,0.0,0,40,0,,alias-ambiguous
0.0,0.0,40,1.0,-0.47944112602870503,0.7188381806972238,structural_no_origin,0.0,40,0,0,0.8,alias-ambiguous
0.0,0.0,40,1.0,-0.5245578310089729,0.7358978396767106,token_count,0.0,40,0,0,0.9,alias-ambiguous
0.0,1.0,40,1.0,-0.6094252605267456,0.628125,commit_count,0.0,40,0,0,0.825,alias-certified
0.0,1.0,40,0.15,-0.5009730825485267,0.6573782737613845,entity_degree,0.0,40,0,0,0.775,alias-certified
0.0,1.0,40,1.0,-0.5217278515980219,0.7424297338675342,line_count,0.0,40,0,0,0.9,alias-certified
0.0,1.0,40,1.0,1.0,0.0,rivet,1.0,40,0,0,0,alias-certified
0.0,1.0,40,1.0,-0.47944112602870503,0.7188381806972238,structural_no_origin,0.0,40,0,0,0.8,alias-certified
0.0,1.0,40,1.0,-0.5245578310089729,0.7358978396767106,token_count,0.0,40,0,0,0.9,alias-certified
0.0,1.0,40,0.0,1.0,0.0,commit_count,0.0,36,0,4,0,empty-commit-padding
0.0,1.0,40,1.0,1.0,0.0,entity_degree,1.0,39,0,1,0,empty-commit-padding
0.0,1.0,40,1.0,1.0,0.0,line_count,1.0,40,0,0,0,empty-commit-padding
0.0,1.0,40,1.0,1.0,0.0,rivet,1.0,40,0,0,0,empty-commit-padding
0.0,1.0,40,1.0,1.0,0.0,structural_no_origin,1.0,40,0,0,0,empty-commit-padding
0.0,1.0,40,1.0,1.0,0.0,token_count,1.0,40,0,0,0,empty-commit-padding
0.0,1.0,40,1.0,1.0,0.0,commit_count,1.0,36,0,4,0,event-map
0.0,1.0,40,1.0,1.0,0.0,entity_degree,1.0,39,0,1,0,event-map
0.0,1.0,40,1.0,1.0,0.0,line_count,1.0,40,0,0,0,event-map
0.0,1.0,40,1.0,1.0,0.0,rivet,1.0,40,0,0,0,event-map
0.0,1.0,40,1.0,1.0,0.0,structural_no_origin,1.0,40,0,0,0,event-map
0.0,1.0,40,1.0,1.0,0.0,token_count,1.0,40,0,0,0,event-map
0.0,1.0,40,1.0,1.0,0.0,commit_count,1.0,36,0,4,0,file-move
0.0,1.0,40,1.0,1.0,0.0,entity_degree,1.0,39,0,1,0,file-move
0.0,1.0,40,1.0,1.0,0.0,line_count,1.0,40,0,0,0,file-move
0.0,1.0,40,1.0,1.0,0.0,rivet,1.0,40,0,0,0,file-move
0.0,1.0,40,1.0,1.0,0.0,structural_no_origin,1.0,40,0,0,0,file-move
0.0,1.0,40,1.0,1.0,0.0,token_count,1.0,40,0,0,0,file-move
0.0,1.0,40,1.0,1.0,0.0,commit_count,1.0,36,0,4,0,formatting
0.0,1.0,40,1.0,1.0,0.0,entity_degree,1.0,39,0,1,0,formatting
0.0,1.0,40,0.0,0.9448394232861839,0.0529534659935769,line_count,0.0,40,0,0,0.025,formatting
0.0,1.0,40,1.0,1.0,0.0,rivet,1.0,40,0,0,0,formatting
0.0,1.0,40,1.0,1.0,0.0,structural_no_origin,1.0,40,0,0,0,formatting
0.0,1.0,40,1.0,1.0,0.0,token_count,1.0,40,0,0,0,formatting
0.0,1.0,40,1.0,1.0,0.0,commit_count,1.0,36,0,4,0,reorder-independent
0.0,1.0,40,1.0,1.0,0.0,entity_degree,1.0,39,0,1,0,reorder-independent
0.0,1.0,40,1.0,1.0,0.0,line_count,1.0,40,0,0,0,reorder-independent
0.0,1.0,40,1.0,1.0,0.0,rivet,1.0,40,0,0,0,reorder-independent
0.0,1.0,40,1.0,1.0,0.0,structural_no_origin,1.0,40,0,0,0,reorder-independent
0.0,1.0,40,1.0,1.0,0.0,token_count,1.0,40,0,0,0,reorder-independent
0.0,1.0,40,0.025,0.9213169466181262,0.06540528915528915,commit_count,0.025,36,0,4,0.125,split
0.0,1.0,40,1.0,1.0,0.0,entity_degree,1.0,39,0,1,0,split
0.0,1.0,40,1.0,1.0,0.0,line_count,1.0,40,0,0,0,split
0.0,1.0,40,1.0,1.0,0.0,rivet,1.0,40,0,0,0,split
0.0,1.0,40,1.0,1.0,2.671454526633038e-18,structural_no_origin,1.0,40,0,0,0,split
0.0,1.0,40,1.0,1.0,0.0,token_count,1.0,40,0,0,0,split
0.0,1.0,40,0.0,0.09220607987853582,0.43125,commit_count,0.0,38,0,2,0.3,squash-certified
0.0,1.0,40,0.425,0.0021060561362514457,0.4785590512428748,entity_degree,0.075,40,0,0,0.45,squash-certified
0.0,1.0,40,1.0,0.1705385586808423,0.3859840482165928,line_count,0.075,40,0,0,0.325,squash-certified
0.0,1.0,40,1.0,1.0,0.0,rivet,1.0,40,0,0,0,squash-certified
0.0,1.0,40,1.0,0.056258139871869485,0.40456770128898983,structural_no_origin,0.075,40,0,0,0.425,squash-certified
0.0,1.0,40,1.0,0.17828410930148572,0.38965353288429416,token_count,0.075,40,0,0,0.375,squash-certified
0.0,0.0,40,0.0,0.5898787771725459,0.17803571428571427,commit_count,0.0,40,0,0,0.05,squash-without-origin
0.0,0.0,40,0.375,0.043653187848419046,0.3789788094136213,entity_degree,0.0,40,0,0,0.35,squash-without-origin
0.0,0.0,40,1.0,0.2073421920218368,0.3069947544097594,line_count,0.0,40,0,0,0.325,squash-without-origin
1.0,0.0,40,0.0,,,rivet,0.0,0,40,0,,squash-without-origin
0.0,0.0,40,1.0,0.09050985435850556,0.33905055239087034,structural_no_origin,0.0,40,0,0,0.325,squash-without-origin
0.0,0.0,40,1.0,0.2208230710659356,0.31315430514841136,token_count,0.0,40,0,0,0.325,squash-without-origin
