actor_classes,challenger,history_id,initial_gap,leader,leader_score,minimum_relabels,radius_fraction,structural_events,winning_margin,witness_atoms
2,A001,public-001,3029.139862598799,A002,5822.406062864184,1,0.05555555555555555,18,902.860137401201,E0012
2,A003,public-002,2329.596681145736,A001,2528.968196050372,1,0.07692307692307693,13,1130.403318854264,E0012
2,A004,public-003,201.278061479564,A001,4279.702262552644,1,0.05,20,4146.721938520436,E0004
2,A005,public-004,1469.619575200482,A001,1480.789500201924,3,0.2,15,318.855650083654,E0015;E0011;E0016
2,A006,public-005,2361.559048549323,A001,2397.313936051486,2,0.1,20,1000.232183476687,E0015;E0014
2,A007,public-006,8078.419839714672,A001,8080.419839714672,1,0.058823529411764705,17,984.458687813702,E0015
2,A001,public-007,9999.458692208815,A008,10040.818092220352,2,0.13333333333333333,15,2909.553884523474,E0012;E0013
2,A001,public-008,1327.839974555601,A008,2268.133084901194,1,0.09090909090909091,11,652.029169997267,E0003
2,A009,public-009,782.145887675241,A001,792.485737678126,3,0.2727272727272727,11,174.290237591587,E0011;E0003;E0010
2,A001,public-010,2409.177086926848,A010,2411.177086926848,1,0.1111111111111111,9,926.065824795612,E0004
2,A010,public-011,1534.730779837961,A001,1744.720563046501,1,0.125,8,664.385618977473,E0008
2,A015,public-012,1437.959425203366,A001,1660.959425203366,1,0.125,8,19.959425203366,E0001
5,A001,public-013,278.218062633414,A020,1402.218062633414,1,0.09090909090909091,11,678.218062633414,E0007
2,A022,public-014,2660.176013057454,A021,2667.930900559617,1,0.1,10,116.073712717068,E0003
4,A024,public-015,50733.975773735096,A025,57472.0,1,0.08333333333333333,12,6554.024226264907,E0007
6,A027,public-016,1759.983785130431,A028,3191.54923582409,1,0.0625,16,219.840774339523,E0009
5,A021,public-017,388.0,A031,594.0,1,0.1,10,722.0,E0004
3,A021,public-018,10273.822575142787,A024,13589.822575142787,1,0.08333333333333333,12,14130.177424857213,E0007
2,A021,public-019,2254.161837288768,A024,4799.942766830154,1,0.043478260869565216,23,1717.838162711232,E0004
2,A021,public-020,1152.852637545433,A024,1416.947375050481,1,0.09090909090909091,11,701.147362454567,E0002
6,A021,public-021,631.643612526683,A035,649.738350031731,1,0.09090909090909091,11,268.356387473317,E0002
3,A021,public-022,349.336263030041,A040,859.939661102832,1,0.07692307692307693,13,1338.203209172739,E0007
2,A039,public-023,38538.76820438866,A024,38548.73398867332,8,0.14545454545454545,55,3415.231795611343,E0040;E0015;E0022;E0044;E0053;E0050;E0024;E0021
2,A021,public-024,1317.763617449862,A043,3688.175782931476,1,0.0625,16,1865.683083190524,E0015
2,A039,public-025,1583.213597523721,A043,5072.688879820558,1,0.05,20,1097.164267604833,E0001
4,A021,public-026,905.960899982692,A043,1154.0,1,0.08333333333333333,12,1402.039100017308,E0012
4,A039,public-027,362.139862598798,A043,591.577462644952,1,0.125,8,304.78046258726,E0003
2,A039,public-028,1616.612644181546,A047,2230.805453670283,1,0.06666666666666667,15,207.387355818454,E0005
3,A039,public-029,867.914186416332,A050,1471.018218339964,1,0.1,10,1500.260575103498,E0003
3,A039,public-030,69637.81655006635,A024,70518.9503875887,2,0.05128205128205128,39,7166.183449933652,E0022;E0030
4,A039,public-031,2860.0,A043,3423.0,2,0.13333333333333333,15,804.0,E0003;E0002
2,A039,public-032,736.725956306539,A043,1231.67333135702,1,0.07142857142857142,14,151.274043693461,E0014
2,A039,public-033,2294.721321161314,A043,2316.721321161314,4,0.3333333333333333,12,516.626854879176,E0009;E0003;E0008;E0012
3,A024,public-034,421.966925059134,A039,628.669187611778,3,0.16666666666666666,18,84.685725082212,E0010;E0011;E0013
2,A039,public-035,2449.066355878839,A043,2666.689983010122,4,0.19047619047619047,21,492.121644351931,E0021;E0010;E0008;E0012
2,A043,public-036,2650.302844917595,A039,2682.468902544828,3,0.15789473684210525,19,432.859543298435,E0009;E0019;E0006
3,A056,public-037,9374.821352281737,A043,9460.821352281737,1,0.06666666666666667,15,2505.666301032695,E0012
2,A039,public-038,4445.0,A043,4482.0,1,0.125,8,351.0,E0008
3,A043,public-039,789.109403211733,A059,2958.506993328423,1,0.09090909090909091,11,4782.890596788267,E0009
2,A060,public-040,2245.415037499279,A043,2250.584962500721,2,0.25,8,1026.584962500721,E0005;E0003
